m,m/s,km/h,min/km
0.0,0.0,0.0,None
3.5,0.0,0.0,None
8.3,2.1,7.56,7.94
11.5,1.6,5.76,10.42
16.2,2.1,7.56,7.94
21.9,2.7,9.72,6.17
26.0,2.9,10.44,5.75
32.4,4.2,15.12,3.97
36.1,4.0,14.4,4.17
42.2,4.1,14.76,4.07
48.0,3.1,11.16,5.38
53.4,3.5,12.6,4.76
79.0,6.1,21.96,2.73
82.6,5.8,20.88,2.87
88.3,5.8,20.88,2.87
92.1,5.5,19.8,3.03
95.5,3.3,11.88,5.05
100.6,3.6,12.96,4.63
106.9,4.9,17.64,3.4
111.4,4.6,16.56,3.62
118.4,5.3,19.08,3.14
122.3,5.4,19.44,3.09
128.3,4.3,15.48,3.88
132.0,2.7,9.72,6.17
135.8,0.6,2.16,27.78
140.7,0.7,2.52,23.81
144.4,1.0,3.6,16.67
149.7,2.8,10.08,5.95
152.8,2.4,8.64,6.94
156.8,1.4,5.04,11.9
160.0,1.2,4.32,13.89
163.7,1.6,5.76,10.42
166.8,2.0,7.2,8.33
170.1,1.9,6.84,8.77
173.8,2.0,7.2,8.33
177.5,1.8,6.48,9.26
181.3,1.9,6.84,8.77
184.5,1.8,6.48,9.26
187.6,1.7,6.12,9.8
191.8,1.8,6.48,9.26
196.9,2.1,7.56,7.94
202.6,2.5,9.0,6.67
208.6,2.8,10.08,5.95
212.5,3.1,11.16,5.38
216.4,3.3,11.88,5.05
220.5,3.6,12.96,4.63
224.5,3.7,13.32,4.5
228.1,3.9,14.04,4.27
231.7,3.8,13.68,4.39
236.0,3.9,14.04,4.27
241.0,4.1,14.76,4.07
246.6,4.4,15.84,3.79
252.0,4.8,17.28,3.47
256.0,4.9,17.64,3.4
261.3,4.1,14.76,4.07
267.9,3.2,11.52,5.21
271.8,3.2,11.52,5.21
275.8,3.3,11.88,5.05
280.2,3.8,13.68,4.39
284.8,3.9,14.04,4.27
288.9,4.2,15.12,3.97
292.8,4.2,15.12,3.97
297.1,4.3,15.48,3.88
301.3,4.2,15.12,3.97
304.7,4.0,14.4,4.17
309.0,3.2,11.52,5.21
313.4,1.2,4.32,13.89
317.8,1.3,4.68,12.82
321.5,1.6,5.76,10.42
324.7,1.7,6.12,9.8
328.0,2.9,10.44,5.75
331.6,3.0,10.8,5.56
335.2,3.5,12.6,4.76
338.4,3.4,12.24,4.9
341.7,3.4,12.24,4.9
345.2,3.4,12.24,4.9
350.7,3.1,11.16,5.38
356.1,2.9,10.44,5.75
360.9,2.6,9.36,6.41
365.2,2.4,8.64,6.94
369.0,2.1,7.56,7.94
372.5,1.9,6.84,8.77
376.0,1.8,6.48,9.26
380.7,1.9,6.84,8.77
386.1,2.3,8.28,7.25
390.8,2.5,9.0,6.67
395.3,2.4,8.64,6.94
400.4,2.4,8.64,6.94
403.7,2.6,9.36,6.41
407.4,2.8,10.08,5.95
411.4,3.2,11.52,5.21
414.7,3.2,11.52,5.21
418.5,3.0,10.8,5.56
421.9,2.9,10.44,5.75
425.1,2.7,9.72,6.17
428.5,2.8,10.08,5.95
432.5,3.0,10.8,5.56
436.6,3.6,12.96,4.63
440.6,3.7,13.32,4.5
444.2,3.8,13.68,4.39
448.2,3.9,14.04,4.27
451.8,3.9,14.04,4.27
455.9,3.9,14.04,4.27
459.6,3.8,13.68,4.39
463.1,3.8,13.68,4.39
477.0,5.8,20.88,2.87
486.8,7.0,25.2,2.38
489.8,6.8,24.48,2.45
492.8,6.6,23.76,2.53
495.9,6.6,23.76,2.53
500.7,2.8,10.08,5.95
506.0,2.6,9.36,6.41
510.7,2.5,9.0,6.67
515.6,1.4,5.04,11.9
518.6,1.3,4.68,12.82
524.3,1.7,6.12,9.8
527.5,1.9,6.84,8.77
535.1,3.3,11.88,5.05
540.6,3.3,11.88,5.05
544.0,3.3,11.88,5.05
548.5,2.7,9.72,6.17
551.6,2.2,7.92,7.58
555.7,2.0,7.2,8.33
559.2,2.1,7.56,7.94
563.2,2.5,9.0,6.67
566.8,3.0,10.8,5.56
572.3,3.4,12.24,4.9
576.7,4.2,15.12,3.97
582.3,4.6,16.56,3.62
591.6,5.7,20.52,2.92
599.2,6.5,23.4,2.56
606.7,6.9,24.84,2.42
614.5,7.6,27.36,2.19
618.6,7.3,26.28,2.28
621.9,6.1,21.96,2.73
628.1,5.8,20.88,2.87
633.2,5.3,19.08,3.14
637.5,4.6,16.56,3.62
645.0,5.3,19.08,3.14
650.1,5.6,20.16,2.98
654.5,5.3,19.08,3.14
661.4,5.6,20.16,2.98
668.8,6.3,22.68,2.65
674.6,5.9,21.24,2.82
678.7,5.7,20.52,2.92
683.6,5.8,20.88,2.87
689.8,5.7,20.52,2.92
693.3,4.9,17.64,3.4
696.7,4.4,15.84,3.79
703.7,5.0,18.0,3.33
708.6,5.0,18.0,3.33
713.0,4.6,16.56,3.62
719.4,4.5,16.2,3.7
722.6,3.8,13.68,4.39
725.9,3.5,12.6,4.76
731.9,3.8,13.68,4.39
738.3,4.2,15.12,3.97
744.4,4.4,15.84,3.79
747.5,4.3,15.48,3.88
750.6,3.7,13.32,4.5
756.6,3.1,11.16,5.38
760.2,3.2,11.52,5.21
764.2,3.3,11.88,5.05
767.7,3.4,12.24,4.9
771.3,3.4,12.24,4.9
775.2,3.7,13.32,4.5
779.3,3.8,13.68,4.39
783.6,3.9,14.04,4.27
787.5,4.0,14.4,4.17
791.1,4.0,14.4,4.17
794.9,3.9,14.04,4.27
798.7,3.9,14.04,4.27
802.0,3.7,13.32,4.5
805.1,3.5,12.6,4.76
808.3,3.4,12.24,4.9
814.0,3.1,11.16,5.38
819.1,2.8,10.08,5.95
823.6,2.6,9.36,6.41
827.5,2.3,8.28,7.25
834.9,2.6,9.36,6.41
838.8,3.0,10.8,5.56
843.6,3.2,11.52,5.21
847.6,2.5,9.0,6.67
852.8,2.3,8.28,7.25
856.0,2.5,9.0,6.67
859.1,2.6,9.36,6.41
864.7,2.9,10.44,5.75
869.1,2.6,9.36,6.41
876.0,2.8,10.08,5.95
879.7,3.0,10.8,5.56
882.8,3.0,10.8,5.56
888.8,3.3,11.88,5.05
892.1,3.2,11.52,5.21
896.5,2.7,9.72,6.17
899.6,2.8,10.08,5.95
904.9,2.6,9.36,6.41
908.4,2.7,9.72,6.17
914.8,3.0,10.8,5.56
918.5,3.1,11.16,5.38
923.1,3.6,12.96,4.63
928.8,4.1,14.76,4.07
934.8,4.4,15.84,3.79
940.8,5.2,18.72,3.21
945.0,5.3,19.08,3.14
951.1,5.6,20.16,2.98
957.2,5.7,20.52,2.92
961.4,5.3,19.08,3.14
966.3,5.1,18.36,3.27
969.9,5.0,18.0,3.33
974.0,4.6,16.56,3.62
977.3,4.0,14.4,4.17
981.0,3.9,14.04,4.27
1009.1,7.8,28.08,2.14
1013.5,7.2,25.92,2.31
1018.1,6.2,22.32,2.69
1021.7,1.4,5.04,11.9
1025.2,1.2,4.32,13.89
1030.8,1.6,5.76,10.42
1034.8,2.6,9.36,6.41
1038.7,2.8,10.08,5.95
1042.4,3.4,12.24,4.9
1045.4,3.4,12.24,4.9
1049.0,2.8,10.08,5.95
1052.1,1.9,6.84,8.77
1056.0,1.8,6.48,9.26
1059.4,2.1,7.56,7.94
1062.6,2.3,8.28,7.25
1065.7,2.7,9.72,6.17
1070.5,2.9,10.44,5.75
1076.1,2.7,9.72,6.17
1079.3,2.7,9.72,6.17
1086.5,3.2,11.52,5.21
1091.3,3.5,12.6,4.76
1095.6,3.9,14.04,4.27
1099.8,4.1,14.76,4.07
1105.3,3.8,13.68,4.39
1109.2,3.6,12.96,4.63
1113.4,3.6,12.96,4.63
1117.2,3.5,12.6,4.76
1121.0,3.5,12.6,4.76
1124.9,3.9,14.04,4.27
1129.8,3.3,11.88,5.05
1133.1,2.4,8.64,6.94
1138.5,2.3,8.28,7.25
1146.2,2.7,9.72,6.17
1151.3,3.6,12.96,4.63
1155.8,3.8,13.68,4.39
1161.0,3.8,13.68,4.39
1165.2,2.8,10.08,5.95
1171.2,1.1,3.96,15.15
1174.6,1.2,4.32,13.89
1182.8,0.4,1.44,41.67
1185.2,0.3,1.08,55.56
1188.7,0.4,1.44,41.67
1193.2,0.6,2.16,27.78
1197.2,0.7,2.52,23.81
1201.7,0.9,3.24,18.52
1206.3,1.2,4.32,13.89
1211.9,1.5,5.4,11.11
1217.4,1.5,5.4,11.11
1222.9,5.1,18.36,3.27
1228.8,5.4,19.44,3.09
1234.0,5.5,19.8,3.03
1239.2,5.5,19.8,3.03
1244.0,5.3,19.08,3.14
1248.8,5.2,18.72,3.21
1253.5,4.9,17.64,3.4
1258.3,4.9,17.64,3.4
1263.5,4.9,17.64,3.4
1267.7,4.7,16.92,3.55
1272.2,4.7,16.92,3.55
1275.8,4.5,16.2,3.7
1279.8,4.3,15.48,3.88
1283.4,4.0,14.4,4.17
1286.7,3.8,13.68,4.39
1290.4,3.6,12.96,4.63
1294.6,3.0,10.8,5.56
1299.2,3.2,11.52,5.21
1302.9,3.2,11.52,5.21
1306.7,3.3,11.88,5.05
1311.6,3.5,12.6,4.76
1315.6,4.2,15.12,3.97
1319.3,4.0,14.4,4.17
1324.1,3.5,12.6,4.76
1327.8,2.4,8.64,6.94
1333.6,2.4,8.64,6.94
1337.3,2.6,9.36,6.41
1340.4,2.7,9.72,6.17
1344.9,3.4,12.24,4.9
1349.6,3.6,12.96,4.63
1354.0,4.1,14.76,4.07
1357.3,4.0,14.4,4.17
1360.5,4.0,14.4,4.17
1365.9,3.3,11.88,5.05
1370.9,3.4,12.24,4.9
1374.3,3.4,12.24,4.9
1378.7,3.6,12.96,4.63
1382.8,3.7,13.32,4.5
1387.3,4.3,15.48,3.88
1391.6,4.1,14.76,4.07
1394.7,4.1,14.76,4.07
1398.2,3.9,14.04,4.27
1401.3,3.7,13.32,4.5
1404.4,3.4,12.24,4.9
1409.6,3.0,10.8,5.56
1415.6,2.9,10.44,5.75
1420.2,3.2,11.52,5.21
1423.8,3.2,11.52,5.21
1428.6,3.8,13.68,4.39
1432.6,3.4,12.24,4.9
1437.2,3.4,12.24,4.9
1440.8,3.4,12.24,4.9
1444.3,3.1,11.16,5.38
1448.5,3.2,11.52,5.21
1453.9,2.6,9.36,6.41
1458.9,2.9,10.44,5.75
1464.3,3.3,11.88,5.05
1469.4,4.2,15.12,3.97
1476.2,4.6,16.56,3.62
1479.5,5.1,18.36,3.27
1482.6,4.7,16.92,3.55
1487.7,1.6,5.76,10.42
1493.1,1.8,6.48,9.26
1499.1,2.1,7.56,7.94
1504.1,3.3,11.88,5.05
1509.2,3.6,12.96,4.63
1513.4,4.1,14.76,4.07
1517.0,3.6,12.96,4.63
1521.3,1.6,5.76,10.42
1524.8,1.3,4.68,12.82
1528.0,1.3,4.68,12.82
1533.7,1.8,6.48,9.26
1538.6,2.3,8.28,7.25
1543.1,3.0,10.8,5.56
1546.8,3.1,11.16,5.38
1550.5,3.2,11.52,5.21
1554.7,4.2,15.12,3.97
1560.0,4.3,15.48,3.88
1563.6,4.1,14.76,4.07
1567.6,3.4,12.24,4.9
1570.7,3.2,11.52,5.21
1575.6,2.4,8.64,6.94
1579.1,2.6,9.36,6.41
1587.2,3.9,14.04,4.27
1594.1,4.7,16.92,3.55
1601.9,5.2,18.72,3.21
1609.0,6.7,24.12,2.49
1613.3,6.8,24.48,2.45
1616.9,5.9,21.24,2.82
1620.6,5.3,19.08,3.14
1627.2,3.6,12.96,4.63
1632.9,3.2,11.52,5.21
1636.3,3.1,11.16,5.38
1640.1,3.3,11.88,5.05
1644.6,2.9,10.44,5.75
1649.2,1.8,6.48,9.26
1652.5,1.6,5.76,10.42
1655.7,1.6,5.76,10.42
1660.6,1.9,6.84,8.77
1664.1,2.3,8.28,7.25
1667.9,2.6,9.36,6.41
1671.5,3.2,11.52,5.21
1674.8,3.2,11.52,5.21
1678.3,1.4,5.04,11.9
1682.3,1.3,4.68,12.82
1685.5,1.3,4.68,12.82
1689.7,0.5,1.8,33.33
1695.3,0.6,2.16,27.78
1700.3,0.8,2.88,20.83
1703.5,2.8,10.08,5.95
1707.4,3.0,10.8,5.56
1711.2,3.2,11.52,5.21
1716.5,3.2,11.52,5.21
1721.3,2.8,10.08,5.95
1724.7,2.7,9.72,6.17
1728.0,2.8,10.08,5.95
1731.8,3.1,11.16,5.38
1735.5,3.2,11.52,5.21
1739.0,3.5,12.6,4.76
1743.4,3.7,13.32,4.5
1747.7,3.9,14.04,4.27
1751.5,3.9,14.04,4.27
1754.9,3.9,14.04,4.27
1758.8,4.0,14.4,4.17
1762.7,3.9,14.04,4.27
1766.6,3.8,13.68,4.39
1770.9,3.9,14.04,4.27
1774.7,4.0,14.4,4.17
1778.6,4.0,14.4,4.17
1781.7,3.8,13.68,4.39
1787.4,3.3,11.88,5.05
1790.7,3.2,11.52,5.21
1794.3,3.1,11.16,5.38
1797.5,3.2,11.52,5.21
1803.9,3.3,11.88,5.05
1807.2,3.3,11.88,5.05
1810.7,3.3,11.88,5.05
1813.9,3.3,11.88,5.05
1817.3,3.3,11.88,5.05
1821.0,3.4,12.24,4.9
1824.6,3.5,12.6,4.76
1828.3,3.5,12.6,4.76
1834.2,4.1,14.76,4.07
1838.8,4.3,15.48,3.88
1842.4,4.3,15.48,3.88
1845.7,4.2,15.12,3.97
1849.0,4.1,14.76,4.07
1852.3,3.6,12.96,4.63
1857.5,3.0,10.8,5.56
1862.8,2.8,10.08,5.95
1866.1,2.8,10.08,5.95
1872.7,3.0,10.8,5.56
1876.7,3.2,11.52,5.21
1880.6,3.6,12.96,4.63
1884.6,3.7,13.32,4.5
1888.1,3.7,13.32,4.5
1892.1,3.9,14.04,4.27
1896.0,3.9,14.04,4.27
1899.9,3.9,14.04,4.27
1904.1,3.9,14.04,4.27
1910.1,3.6,12.96,4.63
1913.7,3.5,12.6,4.76
1917.5,3.5,12.6,4.76
1921.5,3.5,12.6,4.76
1927.1,3.4,12.24,4.9
1933.6,3.2,11.52,5.21
1937.2,3.1,11.16,5.38
1940.2,3.1,11.16,5.38
1944.1,3.4,12.24,4.9
1948.0,3.5,12.6,4.76
1952.2,3.7,13.32,4.5
1956.6,3.9,14.04,4.27
1960.0,4.0,14.4,4.17
1963.1,3.8,13.68,4.39
1966.3,3.7,13.32,4.5
1969.8,3.5,12.6,4.76
1975.1,3.0,10.8,5.56
1980.8,2.9,10.44,5.75
1986.3,2.8,10.08,5.95
1992.0,2.8,10.08,5.95
1996.7,2.7,9.72,6.17
2002.7,2.7,9.72,6.17
2009.7,3.0,10.8,5.56
2014.1,3.5,12.6,4.76
2017.9,3.5,12.6,4.76
2022.0,3.9,14.04,4.27
2025.1,3.7,13.32,4.5
2031.0,4.3,15.48,3.88
2035.7,4.3,15.48,3.88
2040.6,4.5,16.2,3.7
2047.6,5.1,18.36,3.27
2054.1,5.8,20.88,2.87
2059.2,5.6,20.16,2.98
2064.9,4.9,17.64,3.4
2070.3,3.2,11.52,5.21
2074.5,3.1,11.16,5.38
2078.7,2.8,10.08,5.95
2082.5,2.4,8.64,6.94
2085.8,1.0,3.6,16.67
2088.9,0.5,1.8,33.33
2093.7,0.9,3.24,18.52
2096.7,1.1,3.96,15.15
2102.3,2.7,9.72,6.17
2106.1,2.9,10.44,5.75
2109.8,3.2,11.52,5.21
2113.1,3.3,11.88,5.05
2116.9,3.4,12.24,4.9
2120.4,3.6,12.96,4.63
2123.8,3.5,12.6,4.76
2127.7,3.6,12.96,4.63
2131.4,3.7,13.32,4.5
2135.0,3.6,12.96,4.63
2138.5,3.6,12.96,4.63
2142.0,3.6,12.96,4.63
2145.4,3.5,12.6,4.76
2148.5,3.4,12.24,4.9
2152.0,3.4,12.24,4.9
2155.3,3.4,12.24,4.9
2160.5,3.0,10.8,5.56
2163.7,3.0,10.8,5.56
2169.8,2.9,10.44,5.75
2173.2,3.0,10.8,5.56
2176.2,3.1,11.16,5.38
2179.5,3.2,11.52,5.21
2183.0,3.2,11.52,5.21
2186.2,3.3,11.88,5.05
2191.6,3.1,11.16,5.38
2195.0,3.1,11.16,5.38
2198.5,3.1,11.16,5.38
2204.1,3.0,10.8,5.56
2210.4,3.1,11.16,5.38
2213.6,3.0,10.8,5.56
2219.1,3.0,10.8,5.56
2225.2,3.0,10.8,5.56
2228.4,3.0,10.8,5.56
2231.8,3.0,10.8,5.56
2234.9,3.2,11.52,5.21
2239.7,2.9,10.44,5.75
2246.0,2.8,10.08,5.95
2251.1,2.7,9.72,6.17
2254.2,2.9,10.44,5.75
2257.3,2.9,10.44,5.75
2261.7,3.1,11.16,5.38
2267.0,3.5,12.6,4.76
2271.8,4.1,14.76,4.07
2276.7,4.5,16.2,3.7
2280.6,4.7,16.92,3.55
2286.1,3.8,13.68,4.39
2289.6,3.6,12.96,4.63
2293.5,3.4,12.24,4.9
2297.4,3.4,12.24,4.9
2301.8,3.5,12.6,4.76
2306.9,3.5,12.6,4.76
2311.4,2.8,10.08,5.95
2316.8,2.5,9.0,6.67
2319.9,2.6,9.36,6.41
2325.0,2.7,9.72,6.17
2330.0,2.6,9.36,6.41
2333.1,2.6,9.36,6.41
2338.9,2.8,10.08,5.95
2341.9,2.8,10.08,5.95
2345.4,3.1,11.16,5.38
2351.6,3.1,11.16,5.38
2355.6,3.3,11.88,5.05
2359.6,3.5,12.6,4.76
2364.2,3.8,13.68,4.39
2368.1,3.8,13.68,4.39
2371.8,4.0,14.4,4.17
2375.4,4.0,14.4,4.17
2379.1,3.9,14.04,4.27
2384.8,3.3,11.88,5.05
2390.6,3.0,10.8,5.56
2395.6,2.8,10.08,5.95
2401.1,2.7,9.72,6.17
2405.4,2.5,9.0,6.67
2408.6,2.2,7.92,7.58
2412.4,1.9,6.84,8.77
2417.1,1.9,6.84,8.77
2420.8,2.0,7.2,8.33
2424.9,2.1,7.56,7.94
2430.3,1.9,6.84,8.77
2434.3,2.3,8.28,7.25
2438.7,2.8,10.08,5.95
2442.9,3.0,10.8,5.56
2447.6,3.2,11.52,5.21
2452.7,4.5,16.2,3.7
2456.5,4.4,15.84,3.79
2460.5,4.4,15.84,3.79
2464.6,4.3,15.48,3.88
2469.1,4.3,15.48,3.88
2473.8,4.2,15.12,3.97
2478.1,4.3,15.48,3.88
2482.1,4.3,15.48,3.88
2486.1,4.3,15.48,3.88
2490.3,4.2,15.12,3.97
2495.0,4.2,15.12,3.97
2499.9,4.4,15.84,3.79
2504.3,4.4,15.84,3.79
2507.5,4.3,15.48,3.88
2513.0,3.6,12.96,4.63
2518.9,2.9,10.44,5.75
2522.0,2.9,10.44,5.75
2525.2,2.9,10.44,5.75
2528.6,3.1,11.16,5.38
2531.7,3.1,11.16,5.38
2537.5,3.1,11.16,5.38
2540.5,3.1,11.16,5.38
2543.5,3.0,10.8,5.56
2546.8,3.0,10.8,5.56
2549.9,3.0,10.8,5.56
2556.1,3.1,11.16,5.38
2560.0,3.3,11.88,5.05
2563.9,3.4,12.24,4.9
2567.2,3.5,12.6,4.76
2573.2,3.4,12.24,4.9
2578.9,3.0,10.8,5.56
2584.3,2.9,10.44,5.75
2587.6,2.9,10.44,5.75
2591.5,3.1,11.16,5.38
2594.5,3.1,11.16,5.38
2600.0,3.1,11.16,5.38
2605.8,2.9,10.44,5.75
2609.3,3.0,10.8,5.56
2612.6,3.0,10.8,5.56
2616.2,3.2,11.52,5.21
2619.9,3.3,11.88,5.05
2623.2,3.5,12.6,4.76
2626.9,3.5,12.6,4.76
2630.3,3.5,12.6,4.76
2633.8,3.5,12.6,4.76
2637.3,3.5,12.6,4.76
2640.6,3.5,12.6,4.76
2646.6,3.3,11.88,5.05
2651.8,2.9,10.44,5.75
2655.0,2.9,10.44,5.75
2658.5,3.0,10.8,5.56
2662.1,3.1,11.16,5.38
2667.3,3.1,11.16,5.38
2672.6,2.8,10.08,5.95
2677.9,2.6,9.36,6.41
2683.2,2.6,9.36,6.41
2688.5,2.7,9.72,6.17
2693.6,2.6,9.36,6.41
2696.8,2.7,9.72,6.17
2702.5,2.8,10.08,5.95
2707.8,2.8,10.08,5.95
2713.4,2.8,10.08,5.95
2718.6,2.7,9.72,6.17
2723.7,2.6,9.36,6.41
2729.7,2.7,9.72,6.17
2733.7,2.5,9.0,6.67
2739.2,2.6,9.36,6.41
2743.4,2.7,9.72,6.17
2746.6,2.8,10.08,5.95
2751.6,3.0,10.8,5.56
2756.1,2.5,9.0,6.67
2761.2,2.4,8.64,6.94
2766.2,2.4,8.64,6.94
2770.5,2.4,8.64,6.94
2773.8,2.5,9.0,6.67
2779.1,2.6,9.36,6.41
2783.6,2.6,9.36,6.41
2788.2,2.4,8.64,6.94
2791.5,2.5,9.0,6.67
2796.9,2.7,9.72,6.17
2802.0,2.8,10.08,5.95
2807.8,2.7,9.72,6.17
2811.4,2.9,10.44,5.75
2816.5,2.9,10.44,5.75
2820.6,3.1,11.16,5.38
2824.0,3.2,11.52,5.21
2827.8,3.3,11.88,5.05
2831.4,3.3,11.88,5.05
2836.1,3.1,11.16,5.38
2841.3,2.7,9.72,6.17
2844.4,2.6,9.36,6.41
2848.2,2.8,10.08,5.95
2851.8,3.1,11.16,5.38
2855.3,3.2,11.52,5.21
2858.3,3.4,12.24,4.9
2861.4,3.4,12.24,4.9
2865.3,3.4,12.24,4.9
2868.6,3.4,12.24,4.9
2873.8,3.1,11.16,5.38
2879.0,2.7,9.72,6.17
2884.6,2.7,9.72,6.17
2887.8,2.8,10.08,5.95
2893.9,3.0,10.8,5.56
2897.4,3.1,11.16,5.38
2900.9,3.3,11.88,5.05
2904.0,3.2,11.52,5.21
2908.9,3.0,10.8,5.56
2913.2,2.5,9.0,6.67
2918.9,2.5,9.0,6.67
2923.5,2.4,8.64,6.94
2927.0,2.3,8.28,7.25
2931.8,2.2,7.92,7.58
2936.2,2.1,7.56,7.94
2942.0,2.5,9.0,6.67
2945.6,2.8,10.08,5.95
2948.9,2.8,10.08,5.95
2952.6,3.3,11.88,5.05
2956.4,3.4,12.24,4.9
2960.2,3.6,12.96,4.63
2963.6,3.6,12.96,4.63
2967.0,3.6,12.96,4.63
2972.1,3.1,11.16,5.38
2976.1,2.5,9.0,6.67
2980.9,2.3,8.28,7.25
2987.0,2.5,9.0,6.67
2990.4,2.9,10.44,5.75
2994.1,3.0,10.8,5.56
2997.5,3.3,11.88,5.05
3000.9,3.3,11.88,5.05
3004.4,3.5,12.6,4.76
3007.9,3.5,12.6,4.76
3011.7,3.5,12.6,4.76
3015.8,3.7,13.32,4.5
3019.4,3.7,13.32,4.5
3022.6,3.6,12.96,4.63
3028.4,3.3,11.88,5.05
3032.1,3.3,11.88,5.05
3036.0,3.3,11.88,5.05
3039.6,3.4,12.24,4.9
3044.0,3.6,12.96,4.63
3048.5,4.0,14.4,4.17
3053.0,4.2,15.12,3.97
3057.3,4.3,15.48,3.88
3060.9,4.3,15.48,3.88
3064.4,4.1,14.76,4.07
3067.7,3.8,13.68,4.39
3070.8,3.6,12.96,4.63
3074.0,3.3,11.88,5.05
3077.4,3.3,11.88,5.05
3081.0,3.3,11.88,5.05
3084.4,3.3,11.88,5.05
3087.8,3.4,12.24,4.9
3091.4,3.5,12.6,4.76
3094.6,3.4,12.24,4.9
3097.8,3.4,12.24,4.9
3101.0,3.3,11.88,5.05
3104.9,3.4,12.24,4.9
3108.7,3.5,12.6,4.76
3112.3,3.5,12.6,4.76
3115.4,3.5,12.6,4.76
3118.7,3.5,12.6,4.76
3124.4,3.1,11.16,5.38
3130.0,2.9,10.44,5.75
3133.1,2.9,10.44,5.75
3138.7,2.9,10.44,5.75
3141.9,2.9,10.44,5.75
3147.9,3.0,10.8,5.56
3151.0,3.0,10.8,5.56
3154.3,3.1,11.16,5.38
3157.5,3.1,11.16,5.38
3163.2,3.1,11.16,5.38
3169.0,2.9,10.44,5.75
3174.8,2.9,10.44,5.75
3180.6,2.9,10.44,5.75
3186.5,2.9,10.44,5.75
3189.5,2.9,10.44,5.75
3192.6,3.0,10.8,5.56
3195.9,3.1,11.16,5.38
3201.8,3.1,11.16,5.38
3207.6,3.0,10.8,5.56
3213.0,2.8,10.08,5.95
3218.3,2.8,10.08,5.95
3223.7,2.7,9.72,6.17
3226.9,2.8,10.08,5.95
3230.5,2.9,10.44,5.75
3234.2,3.2,11.52,5.21
3237.7,3.2,11.52,5.21
3240.8,3.4,12.24,4.9
3246.2,3.1,11.16,5.38
3251.5,2.8,10.08,5.95
3254.6,2.8,10.08,5.95
3259.4,2.6,9.36,6.41
3264.8,2.7,9.72,6.17
3270.0,2.6,9.36,6.41
3275.4,2.7,9.72,6.17
3280.1,2.5,9.0,6.67
3285.5,2.6,9.36,6.41
3291.4,2.7,9.72,6.17
3294.8,2.9,10.44,5.75
3297.9,3.0,10.8,5.56
3303.8,3.1,11.16,5.38
3306.9,3.1,11.16,5.38
3312.8,3.0,10.8,5.56
3318.7,3.0,10.8,5.56
3321.8,3.0,10.8,5.56
3327.5,2.9,10.44,5.75
3333.5,3.0,10.8,5.56
3336.7,3.0,10.8,5.56
3340.0,3.0,10.8,5.56
3343.4,3.2,11.52,5.21
3347.3,3.3,11.88,5.05
3351.4,3.6,12.96,4.63
3354.9,3.6,12.96,4.63
3358.6,3.7,13.32,4.5
3361.8,3.7,13.32,4.5
3365.1,3.6,12.96,4.63
3368.5,3.4,12.24,4.9
3371.8,3.4,12.24,4.9
3375.2,3.3,11.88,5.05
3378.4,3.3,11.88,5.05
3384.2,3.1,11.16,5.38
3390.1,3.0,10.8,5.56
3393.2,3.0,10.8,5.56
3399.5,3.1,11.16,5.38
3402.9,3.1,11.16,5.38
3405.9,3.2,11.52,5.21
3409.3,3.2,11.52,5.21
3412.8,3.3,11.88,5.05
3415.8,3.3,11.88,5.05
3421.7,3.2,11.52,5.21
3427.8,3.0,10.8,5.56
3433.7,3.0,10.8,5.56
3439.2,2.9,10.44,5.75
3442.5,2.9,10.44,5.75
3448.5,3.0,10.8,5.56
3451.6,3.0,10.8,5.56
3457.1,2.9,10.44,5.75
3462.6,2.8,10.08,5.95
3468.6,2.8,10.08,5.95
3474.3,2.9,10.44,5.75
3478.7,2.7,9.72,6.17
3483.5,2.5,9.0,6.67
3489.0,2.4,8.64,6.94
3495.3,2.8,10.08,5.95
3501.1,2.9,10.44,5.75
3504.2,3.0,10.8,5.56
3509.7,2.9,10.44,5.75
3516.2,3.0,10.8,5.56
3524.2,4.0,14.4,4.17
3533.7,4.9,17.64,3.4
3538.0,5.7,20.52,2.92
3541.6,5.3,19.08,3.14
3544.8,5.7,20.52,2.92
3550.4,3.3,11.88,5.05
3555.1,2.7,9.72,6.17
3561.0,2.7,9.72,6.17
3564.8,2.9,10.44,5.75
3568.3,3.0,10.8,5.56
3571.9,3.4,12.24,4.9
3575.2,3.3,11.88,5.05
3578.4,3.5,12.6,4.76
3581.7,3.4,12.24,4.9
3588.0,3.2,11.52,5.21
3591.0,3.2,11.52,5.21
3596.3,2.9,10.44,5.75
3601.7,2.7,9.72,6.17
3607.8,2.8,10.08,5.95
3610.9,2.9,10.44,5.75
3614.0,2.9,10.44,5.75
3619.7,3.0,10.8,5.56
3622.7,3.0,10.8,5.56
3625.9,3.0,10.8,5.56
3629.2,3.0,10.8,5.56
3635.0,3.1,11.16,5.38
3638.3,3.1,11.16,5.38
3643.9,2.9,10.44,5.75
3649.1,2.8,10.08,5.95
3653.3,2.5,9.0,6.67
3657.4,2.3,8.28,7.25
3661.3,1.6,5.76,10.42
3664.8,0.5,1.8,33.33
3667.9,0.3,1.08,55.56
3672.3,0.5,1.8,33.33
3677.6,0.8,2.88,20.83
3682.7,2.5,9.0,6.67
3687.5,2.5,9.0,6.67
3691.0,2.7,9.72,6.17
3695.1,2.9,10.44,5.75
3699.2,3.3,11.88,5.05
3703.7,3.5,12.6,4.76
3708.1,4.1,14.76,4.07
3711.7,4.1,14.76,4.07
3717.4,3.6,12.96,4.63
3722.3,2.8,10.08,5.95
3728.2,2.8,10.08,5.95
3731.2,2.8,10.08,5.95
3736.5,2.8,10.08,5.95
3740.4,3.0,10.8,5.56
3744.2,3.2,11.52,5.21
3747.5,3.3,11.88,5.05
3750.8,3.3,11.88,5.05
3755.2,3.0,10.8,5.56
3761.7,2.8,10.08,5.95
3765.4,2.9,10.44,5.75
3768.9,3.0,10.8,5.56
3773.2,3.0,10.8,5.56
3777.5,2.4,8.64,6.94
3780.6,2.3,8.28,7.25
3786.6,2.7,9.72,6.17
3791.5,2.8,10.08,5.95
3794.7,2.8,10.08,5.95
3800.6,2.8,10.08,5.95
3805.5,2.8,10.08,5.95
3811.6,2.8,10.08,5.95
3814.7,2.8,10.08,5.95
3818.2,2.9,10.44,5.75
3822.3,3.4,12.24,4.9
3830.1,4.1,14.76,4.07
3838.9,5.5,19.8,3.03
3844.7,5.3,19.08,3.14
3850.8,4.1,14.76,4.07
3853.9,3.0,10.8,5.56
3859.7,3.0,10.8,5.56
3863.0,3.1,11.16,5.38
3866.3,3.1,11.16,5.38
3869.6,3.1,11.16,5.38
3873.1,3.2,11.52,5.21
3876.4,3.3,11.88,5.05
3879.6,3.3,11.88,5.05
3882.7,3.3,11.88,5.05
3885.7,3.2,11.52,5.21
3889.3,3.2,11.52,5.21
3892.8,3.3,11.88,5.05
3896.2,3.3,11.88,5.05
3900.0,3.5,12.6,4.76
3905.0,3.9,14.04,4.27
3908.6,3.9,14.04,4.27
3914.3,3.6,12.96,4.63
3920.1,3.0,10.8,5.56
3923.1,2.9,10.44,5.75
3926.3,3.0,10.8,5.56
3929.6,3.1,11.16,5.38
3932.8,3.1,11.16,5.38
3935.8,3.1,11.16,5.38
3938.9,3.2,11.52,5.21
3942.0,3.1,11.16,5.38
3945.0,3.1,11.16,5.38
3950.6,3.0,10.8,5.56
3956.0,2.8,10.08,5.95
3961.3,2.7,9.72,6.17
3967.4,2.8,10.08,5.95
3971.5,3.1,11.16,5.38
3975.8,3.3,11.88,5.05
3981.1,3.3,11.88,5.05
3985.1,3.5,12.6,4.76
3990.2,2.9,10.44,5.75
3994.9,2.8,10.08,5.95
3999.5,2.4,8.64,6.94
4002.9,2.1,7.56,7.94
4006.8,2.4,8.64,6.94
4010.4,1.5,5.4,11.11
4014.0,1.0,3.6,16.67
4019.0,1.7,6.12,9.8
4024.2,2.0,7.2,8.33
4029.0,2.5,9.0,6.67
4036.3,2.9,10.44,5.75
4039.5,3.1,11.16,5.38
4043.3,3.2,11.52,5.21
4049.8,3.5,12.6,4.76
4053.0,3.3,11.88,5.05
4056.9,3.5,12.6,4.76
4060.4,3.4,12.24,4.9
4064.1,3.5,12.6,4.76
4067.1,3.5,12.6,4.76
4072.2,3.1,11.16,5.38
4075.4,3.0,10.8,5.56
4078.9,3.0,10.8,5.56
4082.3,3.0,10.8,5.56
4086.0,3.2,11.52,5.21
4089.3,3.4,12.24,4.9
4093.2,3.6,12.96,4.63
4098.9,3.3,11.88,5.05
4102.2,3.2,11.52,5.21
4105.4,3.2,11.52,5.21
4109.5,3.3,11.88,5.05
4113.6,3.4,12.24,4.9
4117.7,3.8,13.68,4.39
4122.6,4.1,14.76,4.07
4156.2,4.1,14.76,4.07
4161.9,9.7,34.92,1.72
4166.9,9.8,35.28,1.7
4171.0,9.7,34.92,1.72
4174.6,8.7,31.32,1.92
4183.1,4.2,15.12,3.97
4187.6,3.3,11.88,5.05
4190.6,0.5,1.8,33.33
4195.1,0.4,1.44,41.67
4199.8,0.8,2.88,20.83
4203.1,1.3,4.68,12.82
4207.2,1.5,5.4,11.11
4210.8,1.3,4.68,12.82
4214.7,0.5,1.8,33.33
4217.8,0.4,1.44,41.67
4221.6,0.8,2.88,20.83
4225.7,1.1,3.96,15.15
4229.6,1.3,4.68,12.82
4234.0,2.1,7.56,7.94
4238.4,2.1,7.56,7.94
4241.6,2.0,7.2,8.33
4244.9,1.8,6.48,9.26
4248.8,1.4,5.04,11.9
4252.0,1.0,3.6,16.67
4255.4,0.9,3.24,18.52
4258.9,1.1,3.96,15.15
4263.6,1.4,5.04,11.9
4266.7,1.6,5.76,10.42
4272.7,2.0,7.2,8.33
4276.1,2.5,9.0,6.67
4280.1,2.8,10.08,5.95
4284.8,3.6,12.96,4.63
4289.1,3.7,13.32,4.5
4292.8,4.0,14.4,4.17
4296.9,4.2,15.12,3.97
4301.0,4.2,15.12,3.97
4305.1,4.1,14.76,4.07
4309.3,4.0,14.4,4.17
4313.4,4.1,14.76,4.07
4317.6,4.1,14.76,4.07
4321.6,4.1,14.76,4.07
4325.5,4.1,14.76,4.07
4329.1,4.0,14.4,4.17
4332.3,3.8,13.68,4.39
4338.7,3.4,12.24,4.9
4342.8,3.5,12.6,4.76
4347.0,3.6,12.96,4.63
4351.6,3.9,14.04,4.27
4354.8,3.8,13.68,4.39
4359.2,4.1,14.76,4.07
4363.2,4.1,14.76,4.07
4367.5,4.1,14.76,4.07
4371.9,4.1,14.76,4.07
4376.0,4.2,15.12,3.97
4380.0,4.2,15.12,3.97
4384.1,4.2,15.12,3.97
4388.6,4.2,15.12,3.97
4393.4,4.3,15.48,3.88
4398.0,4.4,15.84,3.79
4402.5,4.5,16.2,3.7
4407.1,4.6,16.56,3.62
4411.0,4.5,16.2,3.7
4415.0,4.3,15.48,3.88
4418.7,4.1,14.76,4.07
4422.6,4.0,14.4,4.17
4426.4,3.9,14.04,4.27
4430.2,3.8,13.68,4.39
4434.4,3.9,14.04,4.27
4438.4,3.9,14.04,4.27
4442.5,4.0,14.4,4.17
4446.4,4.0,14.4,4.17
4450.8,4.1,14.76,4.07
4455.8,4.3,15.48,3.88
4460.3,4.4,15.84,3.79
4464.6,4.4,15.84,3.79
4469.0,4.5,16.2,3.7
4473.4,4.5,16.2,3.7
4477.9,4.4,15.84,3.79
4482.8,4.5,16.2,3.7
4487.5,4.6,16.56,3.62
4491.9,4.6,16.56,3.62
4496.0,4.5,16.2,3.7
4500.0,4.4,15.84,3.79
4503.9,4.2,15.12,3.97
4508.1,4.1,14.76,4.07
4512.4,4.1,14.76,4.07
4516.6,4.1,14.76,4.07
4521.0,4.2,15.12,3.97
4525.2,4.3,15.48,3.88
4529.4,4.3,15.48,3.88
4533.6,4.2,15.12,3.97
4538.0,4.3,15.48,3.88
4542.3,4.3,15.48,3.88
4547.0,4.4,15.84,3.79
4551.5,4.4,15.84,3.79
4556.1,4.5,16.2,3.7
4560.8,4.6,16.56,3.62
4565.4,4.6,16.56,3.62
4570.0,4.6,16.56,3.62
4574.9,4.7,16.92,3.55
4579.7,4.7,16.92,3.55
4584.9,4.8,17.28,3.47
4589.7,4.9,17.64,3.4
4594.5,4.9,17.64,3.4
4599.2,4.9,17.64,3.4
4603.8,4.8,17.28,3.47
4608.3,4.7,16.92,3.55
4612.6,4.6,16.56,3.62
4616.8,4.5,16.2,3.7
4621.1,4.4,15.84,3.79
4625.5,4.3,15.48,3.88
4629.0,4.1,14.76,4.07
4633.6,3.4,12.24,4.9
4637.2,3.2,11.52,5.21
4641.2,3.1,11.16,5.38
4645.1,3.2,11.52,5.21
4648.8,3.3,11.88,5.05
4652.3,3.7,13.32,4.5
4655.7,3.7,13.32,4.5
4659.3,3.6,12.96,4.63
4666.2,3.5,12.6,4.76
4670.0,3.5,12.6,4.76
4673.7,3.6,12.96,4.63
4677.5,3.6,12.96,4.63
4681.4,3.7,13.32,4.5
4684.6,3.7,13.32,4.5
4687.7,3.5,12.6,4.76
4691.5,3.6,12.96,4.63
4694.7,3.4,12.24,4.9
4698.0,3.3,11.88,5.05
4702.0,3.5,12.6,4.76
4705.7,3.6,12.96,4.63
4709.2,3.5,12.6,4.76
4714.7,3.3,11.88,5.05
4717.7,3.1,11.16,5.38
4724.8,3.1,11.16,5.38
4728.9,3.3,11.88,5.05
4732.9,3.6,12.96,4.63
4736.1,3.7,13.32,4.5
4741.4,3.3,11.88,5.05
4744.8,3.2,11.52,5.21
4748.3,3.1,11.16,5.38
4751.9,3.2,11.52,5.21
4755.4,3.2,11.52,5.21
4758.9,3.5,12.6,4.76
4762.3,3.5,12.6,4.76
4765.7,3.5,12.6,4.76
4768.8,3.4,12.24,4.9
4772.1,3.3,11.88,5.05
4775.7,3.4,12.24,4.9
4778.8,3.3,11.88,5.05
4784.1,3.1,11.16,5.38
4789.7,2.8,10.08,5.95
4796.2,2.9,10.44,5.75
4800.3,3.2,11.52,5.21
4804.4,3.4,12.24,4.9
4809.7,4.0,14.4,4.17
4814.2,4.1,14.76,4.07
4818.2,4.4,15.84,3.79
4822.0,4.3,15.48,3.88
4827.2,4.6,16.56,3.62
4838.1,5.7,20.52,2.92
4849.1,7.0,25.2,2.38
4853.6,7.1,25.56,2.35
4857.7,7.1,25.56,2.35
4861.3,6.8,24.48,2.45
4864.7,5.3,19.08,3.14
4868.0,3.8,13.68,4.39
4871.8,3.6,12.96,4.63
4875.7,3.6,12.96,4.63
4879.8,3.7,13.32,4.5
4884.0,3.9,14.04,4.27
4888.1,4.0,14.4,4.17
4892.3,4.1,14.76,4.07
4896.7,4.2,15.12,3.97
4900.9,4.2,15.12,3.97
4905.1,4.2,15.12,3.97
4909.3,4.2,15.12,3.97
4913.6,4.3,15.48,3.88
4917.6,4.2,15.12,3.97
4921.6,4.1,14.76,4.07
4925.7,4.1,14.76,4.07
4929.8,4.1,14.76,4.07
4933.7,4.0,14.4,4.17
4937.6,4.0,14.4,4.17
4941.6,4.0,14.4,4.17
4945.5,4.0,14.4,4.17
4949.3,3.9,14.04,4.27
4952.8,3.8,13.68,4.39
4956.5,3.8,13.68,4.39
4960.2,3.7,13.32,4.5
4964.0,3.7,13.32,4.5
4967.8,3.7,13.32,4.5
4972.2,3.9,14.04,4.27
4976.3,4.0,14.4,4.17
4980.1,4.0,14.4,4.17
4983.5,3.9,14.04,4.27
4987.2,3.9,14.04,4.27
4991.3,3.8,13.68,4.39
4995.2,3.8,13.68,4.39
4999.0,3.8,13.68,4.39
5002.9,3.9,14.04,4.27
5007.0,4.0,14.4,4.17
5011.1,4.0,14.4,4.17
5014.9,3.9,14.04,4.27
5018.5,3.9,14.04,4.27
5022.1,3.8,13.68,4.39
5025.9,3.8,13.68,4.39
5029.8,3.7,13.32,4.5
5033.8,3.8,13.68,4.39
5037.8,3.9,14.04,4.27
5041.9,4.0,14.4,4.17
5045.9,4.0,14.4,4.17
5049.9,4.0,14.4,4.17
5053.9,4.0,14.4,4.17
5058.5,4.1,14.76,4.07
5062.9,4.2,15.12,3.97
5067.1,4.2,15.12,3.97
5071.2,4.3,15.48,3.88
5075.2,4.3,15.48,3.88
5079.4,4.2,15.12,3.97
5083.4,4.1,14.76,4.07
5087.3,4.0,14.4,4.17
5091.3,4.0,14.4,4.17
5095.7,4.1,14.76,4.07
5100.7,4.3,15.48,3.88
5105.3,4.4,15.84,3.79
5109.7,4.5,16.2,3.7
5113.9,4.5,16.2,3.7
5118.3,4.5,16.2,3.7
5122.8,4.4,15.84,3.79
5127.2,4.4,15.84,3.79
5131.1,4.3,15.48,3.88
5135.8,4.4,15.84,3.79
5140.4,4.4,15.84,3.79
5144.5,4.3,15.48,3.88
5148.8,4.3,15.48,3.88
5153.0,4.4,15.84,3.79
5157.0,4.2,15.12,3.97
5161.0,4.1,14.76,4.07
5164.4,4.0,14.4,4.17
5167.8,3.8,13.68,4.39
5170.8,3.6,12.96,4.63
5173.9,3.4,12.24,4.9
5177.2,3.2,11.52,5.21
5180.5,3.2,11.52,5.21
5184.0,3.2,11.52,5.21
5187.2,3.3,11.88,5.05
5192.3,3.0,10.8,5.56
5196.2,2.4,8.64,6.94
5200.9,2.3,8.28,7.25
5204.7,2.1,7.56,7.94
5208.8,2.1,7.56,7.94
5212.0,1.9,6.84,8.77
5215.5,1.3,4.68,12.82
5219.1,1.4,5.04,11.9
5222.8,1.5,5.4,11.11
5225.9,1.7,6.12,9.8
5229.0,1.6,5.76,10.42
5232.6,1.6,5.76,10.42
5236.4,1.8,6.48,9.26
5239.4,1.7,6.12,9.8
5243.6,1.4,5.04,11.9
5246.7,1.5,5.4,11.11
5250.3,1.6,5.76,10.42
5253.8,1.7,6.12,9.8
5257.1,1.7,6.12,9.8
5261.9,1.6,5.76,10.42
5265.5,1.7,6.12,9.8
5269.3,1.7,6.12,9.8
5273.5,1.6,5.76,10.42
5278.0,1.4,5.04,11.9
5281.8,1.7,6.12,9.8
5285.8,1.8,6.48,9.26
5290.5,2.1,7.56,7.94
5296.5,2.4,8.64,6.94
5301.6,2.6,9.36,6.41
5305.9,2.6,9.36,6.41
5309.6,2.2,7.92,7.58
5313.5,2.0,7.2,8.33
5318.0,2.0,7.2,8.33
5323.3,2.3,8.28,7.25
5328.1,2.4,8.64,6.94
5332.2,2.4,8.64,6.94
5336.9,2.3,8.28,7.25
5340.3,2.4,8.64,6.94
5343.6,2.6,9.36,6.41
5349.6,2.9,10.44,5.75
5353.8,2.7,9.72,6.17
5358.5,2.5,9.0,6.67
5363.7,2.3,8.28,7.25
5368.9,2.5,9.0,6.67
5373.7,2.5,9.0,6.67
5378.0,2.4,8.64,6.94
5381.9,2.2,7.92,7.58
5386.4,2.1,7.56,7.94
5392.2,2.4,8.64,6.94
5397.3,3.1,11.16,5.38
5402.9,3.5,12.6,4.76
5406.3,4.0,14.4,4.17
5410.3,4.0,14.4,4.17
5414.6,4.5,16.2,3.7
5418.5,4.2,15.12,3.97
5421.8,3.8,13.68,4.39
5425.6,3.9,14.04,4.27
5428.9,3.7,13.32,4.5
5433.6,3.0,10.8,5.56
5439.7,2.8,10.08,5.95
5443.3,2.9,10.44,5.75
5447.0,3.0,10.8,5.56
5450.4,3.4,12.24,4.9
5453.7,3.3,11.88,5.05
5457.4,3.5,12.6,4.76
5461.3,3.6,12.96,4.63
5465.2,3.6,12.96,4.63
5469.3,3.8,13.68,4.39
5473.7,4.0,14.4,4.17
5477.8,4.1,14.76,4.07
5481.5,4.0,14.4,4.17
5485.0,4.0,14.4,4.17
5488.5,3.8,13.68,4.39
5492.3,3.7,13.32,4.5
5496.3,3.7,13.32,4.5
5500.3,3.8,13.68,4.39
5504.4,3.9,14.04,4.27
5508.7,4.0,14.4,4.17
5512.9,4.1,14.76,4.07
5517.2,4.2,15.12,3.97
5521.2,4.2,15.12,3.97
5525.2,4.2,15.12,3.97
5529.4,4.1,14.76,4.07
5533.5,4.1,14.76,4.07
5537.3,4.0,14.4,4.17
5540.8,3.9,14.04,4.27
5544.8,3.9,14.04,4.27
5548.6,3.8,13.68,4.39
5552.3,3.8,13.68,4.39
5556.2,3.8,13.68,4.39
5560.5,3.9,14.04,4.27
5564.6,4.0,14.4,4.17
5569.0,4.1,14.76,4.07
5573.2,4.2,15.12,3.97
5577.4,4.2,15.12,3.97
5581.7,4.2,15.12,3.97
5585.2,4.1,14.76,4.07
5588.9,4.0,14.4,4.17
5592.7,3.9,14.04,4.27
5596.7,3.9,14.04,4.27
5600.9,3.8,13.68,4.39
5605.1,4.0,14.4,4.17
5609.1,4.0,14.4,4.17
5613.4,4.1,14.76,4.07
5617.7,4.2,15.12,3.97
5622.4,4.3,15.48,3.88
5626.9,4.4,15.84,3.79
5631.6,4.5,16.2,3.7
5636.4,4.6,16.56,3.62
5641.2,4.7,16.92,3.55
5646.1,4.7,16.92,3.55
5650.8,4.8,17.28,3.47
5655.0,4.7,16.92,3.55
5659.2,4.6,16.56,3.62
5663.5,4.5,16.2,3.7
5667.8,4.3,15.48,3.88
5671.9,4.2,15.12,3.97
5676.5,4.3,15.48,3.88
5681.7,4.5,16.2,3.7
5686.7,4.6,16.56,3.62
5691.6,4.8,17.28,3.47
5696.4,4.9,17.64,3.4
5701.1,4.9,17.64,3.4
5705.6,4.8,17.28,3.47
5710.0,4.7,16.92,3.55
5714.5,4.6,16.56,3.62
5719.1,4.5,16.2,3.7
5723.3,4.4,15.84,3.79
5727.6,4.4,15.84,3.79
5731.7,4.3,15.48,3.88
5735.7,4.2,15.12,3.97
5740.0,4.2,15.12,3.97
5743.9,4.1,14.76,4.07
5747.4,4.0,14.4,4.17
5750.6,3.8,13.68,4.39
5753.9,3.6,12.96,4.63
5757.9,3.6,12.96,4.63
5762.1,3.6,12.96,4.63
5766.2,3.8,13.68,4.39
5770.4,4.0,14.4,4.17
5774.4,4.1,14.76,4.07
5778.3,4.1,14.76,4.07
5782.0,4.0,14.4,4.17
5785.8,3.9,14.04,4.27
5789.3,3.8,13.68,4.39
5792.4,3.6,12.96,4.63
5795.5,3.4,12.24,4.9
5799.6,3.5,12.6,4.76
5804.5,3.7,13.32,4.5
5809.1,4.0,14.4,4.17
5813.6,4.2,15.12,3.97
5817.9,4.5,16.2,3.7
5821.6,4.4,15.84,3.79
5825.1,4.1,14.76,4.07
5828.9,4.0,14.4,4.17
5832.5,3.8,13.68,4.39
5836.2,3.7,13.32,4.5
5842.3,3.4,12.24,4.9
5845.8,3.4,12.24,4.9
5848.9,3.3,11.88,5.05
5852.5,3.3,11.88,5.05
5856.5,3.4,12.24,4.9
5861.2,3.8,13.68,4.39
5864.8,3.8,13.68,4.39
5868.1,3.8,13.68,4.39
5871.2,3.7,13.32,4.5
5874.4,3.6,12.96,4.63
5877.6,3.3,11.88,5.05
5880.7,3.2,11.52,5.21
5886.6,3.1,11.16,5.38
5890.9,3.3,11.88,5.05
5896.2,3.7,13.32,4.5
5901.2,4.1,14.76,4.07
5906.2,4.3,15.48,3.88
5910.4,4.8,17.28,3.47
5914.0,4.6,16.56,3.62
5917.6,4.3,15.48,3.88
5920.9,3.9,14.04,4.27
5924.0,3.6,12.96,4.63
5929.8,3.2,11.52,5.21
5933.1,3.1,11.16,5.38
5936.8,3.2,11.52,5.21
5940.4,3.3,11.88,5.05
5944.3,3.4,12.24,4.9
5949.6,4.0,14.4,4.17
5954.3,4.2,15.12,3.97
5958.8,4.4,15.84,3.79
5963.9,4.7,16.92,3.55
5969.3,5.0,18.0,3.33
5974.6,5.0,18.0,3.33
5979.0,4.9,17.64,3.4
5983.4,4.9,17.64,3.4
5987.6,4.7,16.92,3.55
5991.6,4.5,16.2,3.7
5995.9,4.3,15.48,3.88
6000.2,4.2,15.12,3.97
6004.1,4.1,14.76,4.07
6008.8,4.2,15.12,3.97
6013.4,4.4,15.84,3.79
6017.9,4.4,15.84,3.79
6022.3,4.4,15.84,3.79
6026.5,4.5,16.2,3.7
6030.6,4.4,15.84,3.79
6035.2,4.4,15.84,3.79
6039.6,4.3,15.48,3.88
6043.6,4.3,15.48,3.88
6047.5,4.2,15.12,3.97
6051.6,4.2,15.12,3.97
6055.9,4.1,14.76,4.07
6060.5,4.2,15.12,3.97
6065.1,4.3,15.48,3.88
6069.5,4.4,15.84,3.79
6073.6,4.4,15.84,3.79
6077.4,4.3,15.48,3.88
6080.9,4.1,14.76,4.07
6084.6,3.9,14.04,4.27
6088.3,3.8,13.68,4.39
6092.2,3.7,13.32,4.5
6096.4,3.8,13.68,4.39
6100.5,3.9,14.04,4.27
6104.7,4.0,14.4,4.17
6108.5,4.0,14.4,4.17
6112.2,4.0,14.4,4.17
6115.5,3.8,13.68,4.39
6119.4,3.8,13.68,4.39
6123.1,3.7,13.32,4.5
6126.9,3.7,13.32,4.5
6131.1,3.8,13.68,4.39
6134.9,3.9,14.04,4.27
6138.8,3.9,14.04,4.27
6143.2,4.0,14.4,4.17
6147.6,4.1,14.76,4.07
6151.7,4.1,14.76,4.07
6155.6,4.1,14.76,4.07
6159.5,4.1,14.76,4.07
6163.7,4.1,14.76,4.07
6168.4,4.2,15.12,3.97
6173.1,4.3,15.48,3.88
6178.3,4.5,16.2,3.7
6183.4,4.8,17.28,3.47
6188.0,4.9,17.64,3.4
6192.7,4.9,17.64,3.4
6197.2,4.8,17.28,3.47
6201.6,4.7,16.92,3.55
6205.7,4.5,16.2,3.7
6209.9,4.4,15.84,3.79
6213.8,4.2,15.12,3.97
6217.8,4.1,14.76,4.07
6221.8,4.0,14.4,4.17
6225.9,4.0,14.4,4.17
6229.6,3.9,14.04,4.27
6233.7,4.0,14.4,4.17
6237.7,4.0,14.4,4.17
6241.7,4.0,14.4,4.17
6245.8,4.0,14.4,4.17
6250.3,4.1,14.76,4.07
6255.0,4.3,15.48,3.88
6259.3,4.3,15.48,3.88
6263.4,4.3,15.48,3.88
6267.5,4.3,15.48,3.88
6272.1,4.4,15.84,3.79
6277.0,4.4,15.84,3.79
6281.8,4.5,16.2,3.7
6286.4,4.6,16.56,3.62
6290.5,4.6,16.56,3.62
6294.2,4.4,15.84,3.79
6297.8,4.2,15.12,3.97
6301.6,4.0,14.4,4.17
6305.5,3.8,13.68,4.39
6310.0,3.9,14.04,4.27
6314.1,4.0,14.4,4.17
6317.6,4.0,14.4,4.17
6320.9,3.9,14.04,4.27
6324.0,3.7,13.32,4.5
6328.9,3.0,10.8,5.56
6332.8,2.4,8.64,6.94
6337.2,2.2,7.92,7.58
6341.6,2.1,7.56,7.94
6344.8,2.0,7.2,8.33
6349.0,1.2,4.32,13.89
6352.1,1.2,4.32,13.89
6356.4,1.5,5.4,11.11
6360.4,1.7,6.12,9.8
6363.7,1.7,6.12,9.8
6368.1,1.5,5.4,11.11
6372.5,1.5,5.4,11.11
6377.0,1.5,5.4,11.11
6380.8,1.4,5.04,11.9
6384.7,1.3,4.68,12.82
6387.9,1.4,5.04,11.9
6391.4,1.5,5.4,11.11
6395.0,1.7,6.12,9.8
6399.2,1.6,5.76,10.42
6403.2,1.6,5.76,10.42
6407.4,1.8,6.48,9.26
6411.7,2.1,7.56,7.94
6415.5,2.1,7.56,7.94
6418.5,1.9,6.84,8.77
6421.8,1.7,6.12,9.8
6426.1,1.5,5.4,11.11
6429.1,1.5,5.4,11.11
6432.2,1.5,5.4,11.11
6436.3,1.7,6.12,9.8
6441.6,2.1,7.56,7.94
6446.9,2.4,8.64,6.94
6452.2,2.6,9.36,6.41
6456.6,2.5,9.0,6.67
6460.8,2.3,8.28,7.25
6464.9,2.1,7.56,7.94
6469.3,2.1,7.56,7.94
6473.6,2.1,7.56,7.94
6478.0,2.2,7.92,7.58
6482.5,2.2,7.92,7.58
6486.3,2.1,7.56,7.94
6491.2,2.2,7.92,7.58
6494.7,2.0,7.2,8.33
6498.4,1.4,5.04,11.9
6502.6,1.6,5.76,10.42
6507.4,1.8,6.48,9.26
6510.6,2.4,8.64,6.94
6516.5,3.0,10.8,5.56
6521.9,3.9,14.04,4.27
6526.5,4.0,14.4,4.17
6530.2,4.6,16.56,3.62
6534.4,4.8,17.28,3.47
6538.6,4.4,15.84,3.79
6543.1,4.2,15.12,3.97
6547.1,4.1,14.76,4.07
6550.6,4.1,14.76,4.07
6554.2,4.0,14.4,4.17
6558.3,3.9,14.04,4.27
6562.2,3.8,13.68,4.39
6565.9,3.8,13.68,4.39
6569.9,3.9,14.04,4.27
6573.5,3.9,14.04,4.27
6576.8,3.7,13.32,4.5
6580.3,3.6,12.96,4.63
6584.1,3.6,12.96,4.63
6588.0,3.6,12.96,4.63
6592.1,3.7,13.32,4.5
6596.5,3.9,14.04,4.27
6600.8,4.1,14.76,4.07
6605.0,4.2,15.12,3.97
6609.2,4.2,15.12,3.97
6613.4,4.3,15.48,3.88
6617.3,4.2,15.12,3.97
6620.9,4.0,14.4,4.17
6624.7,3.9,14.04,4.27
6628.8,3.9,14.04,4.27
6633.0,3.9,14.04,4.27
6636.9,3.9,14.04,4.27
6641.0,4.0,14.4,4.17
6645.0,4.1,14.76,4.07
6649.1,4.1,14.76,4.07
6653.7,4.1,14.76,4.07
6658.1,4.2,15.12,3.97
6662.2,4.2,15.12,3.97
6666.8,4.4,15.84,3.79
6671.7,4.5,16.2,3.7
6676.2,4.5,16.2,3.7
6680.5,4.5,16.2,3.7
6684.9,4.5,16.2,3.7
6689.4,4.5,16.2,3.7
6694.0,4.5,16.2,3.7
6699.0,4.6,16.56,3.62
6703.3,4.6,16.56,3.62
6707.4,4.5,16.2,3.7
6711.2,4.4,15.84,3.79
6715.1,4.2,15.12,3.97
6718.7,3.9,14.04,4.27
6722.8,3.9,14.04,4.27
6727.2,4.0,14.4,4.17
6731.6,4.1,14.76,4.07
6736.1,4.2,15.12,3.97
6740.7,4.4,15.84,3.79
6745.3,4.5,16.2,3.7
6749.7,4.5,16.2,3.7
6754.1,4.5,16.2,3.7
6758.6,4.5,16.2,3.7
6762.6,4.4,15.84,3.79
6766.7,4.3,15.48,3.88
6770.9,4.2,15.12,3.97
6775.1,4.2,15.12,3.97
6779.1,4.1,14.76,4.07
6783.3,4.1,14.76,4.07
6787.8,4.2,15.12,3.97
6791.8,4.2,15.12,3.97
6795.8,4.1,14.76,4.07
6799.9,4.2,15.12,3.97
6803.9,4.1,14.76,4.07
6807.8,4.0,14.4,4.17
6812.1,4.1,14.76,4.07
6816.6,4.2,15.12,3.97
6821.0,4.2,15.12,3.97
6825.4,4.3,15.48,3.88
6830.0,4.4,15.84,3.79
6834.9,4.6,16.56,3.62
6839.4,4.6,16.56,3.62
6844.0,4.6,16.56,3.62
6848.9,4.7,16.92,3.55
6853.6,4.7,16.92,3.55
6858.3,4.7,16.92,3.55
6862.8,4.7,16.92,3.55
6866.2,4.4,15.84,3.79
6869.5,4.1,14.76,4.07
6873.0,3.9,14.04,4.27
6876.4,3.6,12.96,4.63
6880.4,3.5,12.6,4.76
6884.5,3.7,13.32,4.5
6887.9,3.7,13.32,4.5
6891.5,3.7,13.32,4.5
6894.8,3.7,13.32,4.5
6898.2,3.6,12.96,4.63
6901.3,3.4,12.24,4.9
6907.0,3.1,11.16,5.38
6911.2,3.3,11.88,5.05
6915.7,3.5,12.6,4.76
6920.6,3.9,14.04,4.27
6925.3,4.0,14.4,4.17
6929.4,4.5,16.2,3.7
6933.1,4.4,15.84,3.79
6937.2,4.3,15.48,3.88
6941.1,4.1,14.76,4.07
6945.4,4.0,14.4,4.17
6949.3,4.0,14.4,4.17
6952.7,3.9,14.04,4.27
6958.7,3.5,12.6,4.76
6962.4,3.4,12.24,4.9
6965.8,3.3,11.88,5.05
6969.3,3.3,11.88,5.05
6973.3,3.4,12.24,4.9
6977.1,3.7,13.32,4.5
6980.3,3.6,12.96,4.63
6983.7,3.6,12.96,4.63
6987.3,3.6,12.96,4.63
6990.9,3.5,12.6,4.76
6994.9,3.6,12.96,4.63
6999.0,3.7,13.32,4.5
7003.1,3.9,14.04,4.27
7006.8,3.9,14.04,4.27
7012.1,4.2,15.12,3.97
7016.2,4.3,15.48,3.88
7019.6,4.1,14.76,4.07
7022.6,3.9,14.04,4.27
7025.7,3.8,13.68,4.39
7029.2,3.4,12.24,4.9
7032.2,3.2,11.52,5.21
7037.3,2.9,10.44,5.75
7040.6,3.0,10.8,5.56
7043.9,2.9,10.44,5.75
7047.4,3.0,10.8,5.56
7051.5,3.2,11.52,5.21
7055.5,3.6,12.96,4.63
7060.3,3.9,14.04,4.27
7065.8,4.4,15.84,3.79
7070.5,4.6,16.56,3.62
7075.3,4.8,17.28,3.47
7080.2,4.9,17.64,3.4
7085.1,5.0,18.0,3.33
7089.7,4.8,17.28,3.47
7093.6,4.6,16.56,3.62
7097.4,4.4,15.84,3.79
7100.8,4.1,14.76,4.07
7104.5,3.9,14.04,4.27
7108.1,3.7,13.32,4.5
7111.9,3.7,13.32,4.5
7115.7,3.7,13.32,4.5
7119.7,3.8,13.68,4.39
7124.8,4.1,14.76,4.07
7129.4,4.3,15.48,3.88
7133.8,4.4,15.84,3.79
7138.3,4.5,16.2,3.7
7142.7,4.6,16.56,3.62
7146.7,4.4,15.84,3.79
7150.9,4.3,15.48,3.88
7154.9,4.2,15.12,3.97
7160.1,4.4,15.84,3.79
7165.1,4.5,16.2,3.7
7170.5,4.8,17.28,3.47
7175.2,4.9,17.64,3.4
7178.9,4.8,17.28,3.47
7183.3,4.6,16.56,3.62
7187.0,4.4,15.84,3.79
7190.4,4.0,14.4,4.17
7193.9,3.7,13.32,4.5
7197.5,3.7,13.32,4.5
7201.2,3.6,12.96,4.63
7205.2,3.6,12.96,4.63
7209.8,3.9,14.04,4.27
7213.8,4.0,14.4,4.17
7217.4,4.0,14.4,4.17
7221.0,4.0,14.4,4.17
7225.0,4.0,14.4,4.17
7228.9,3.8,13.68,4.39
7233.0,3.8,13.68,4.39
7237.3,4.0,14.4,4.17
7241.4,4.1,14.76,4.07
7245.1,4.0,14.4,4.17
7249.1,4.0,14.4,4.17
7253.4,4.1,14.76,4.07
7257.7,4.1,14.76,4.07
7262.0,4.1,14.76,4.07
7265.7,4.1,14.76,4.07
7269.2,4.0,14.4,4.17
7273.0,3.9,14.04,4.27
7277.0,3.9,14.04,4.27
7281.6,3.9,14.04,4.27
7286.8,4.2,15.12,3.97
7291.5,4.5,16.2,3.7
7296.2,4.6,16.56,3.62
7300.5,4.7,16.92,3.55
7304.7,4.6,16.56,3.62
7309.3,4.5,16.2,3.7
7313.9,4.5,16.2,3.7
7317.9,4.3,15.48,3.88
7321.5,4.2,15.12,3.97
7325.2,4.1,14.76,4.07
7329.1,4.0,14.4,4.17
7333.5,3.9,14.04,4.27
7337.7,4.0,14.4,4.17
7342.1,4.1,14.76,4.07
7346.5,4.3,15.48,3.88
7351.2,4.4,15.84,3.79
7355.8,4.5,16.2,3.7
7360.5,4.6,16.56,3.62
7365.3,4.6,16.56,3.62
7370.1,4.7,16.92,3.55
7374.2,4.6,16.56,3.62
7378.3,4.5,16.2,3.7
7383.3,4.6,16.56,3.62
7388.1,4.6,16.56,3.62
7392.1,4.4,15.84,3.79
7396.2,4.4,15.84,3.79
7400.5,4.4,15.84,3.79
7404.4,4.2,15.12,3.97
7408.1,4.0,14.4,4.17
7411.9,4.0,14.4,4.17
7416.2,4.0,14.4,4.17
7420.3,4.0,14.4,4.17
7423.8,3.9,14.04,4.27
7427.2,3.8,13.68,4.39
7432.9,3.3,11.88,5.05
7437.9,2.8,10.08,5.95
7442.4,2.5,9.0,6.67
7446.4,1.4,5.04,11.9
7449.7,0.9,3.24,18.52
7453.5,1.2,4.32,13.89
7457.2,1.4,5.04,11.9
7460.3,1.8,6.48,9.26
7463.4,1.6,5.76,10.42
7467.8,1.8,6.48,9.26
7472.0,1.9,6.84,8.77
7476.0,2.1,7.56,7.94
7480.5,2.1,7.56,7.94
7484.6,2.1,7.56,7.94
7488.9,2.1,7.56,7.94
7492.8,2.1,7.56,7.94
7497.1,2.1,7.56,7.94
7501.1,2.0,7.2,8.33
7505.8,2.2,7.92,7.58
7510.2,2.2,7.92,7.58
7514.0,2.1,7.56,7.94
7517.9,2.0,7.2,8.33
7522.1,2.0,7.2,8.33
7525.4,1.9,6.84,8.77
7529.2,1.9,6.84,8.77
7533.3,1.9,6.84,8.77
7536.5,1.9,6.84,8.77
7540.3,1.9,6.84,8.77
7544.2,1.8,6.48,9.26
7548.3,2.0,7.2,8.33
7560.4,2.3,8.28,7.25
7564.8,2.4,8.64,6.94
7569.0,2.3,8.28,7.25
7573.3,2.2,7.92,7.58
7577.1,2.1,7.56,7.94
7581.2,2.0,7.2,8.33
7586.0,1.8,6.48,9.26
7589.8,1.7,6.12,9.8
7593.7,1.8,6.48,9.26
7598.1,2.0,7.2,8.33
7602.0,2.0,7.2,8.33
7605.7,2.0,7.2,8.33
7609.4,1.9,6.84,8.77
7614.1,1.7,6.12,9.8
7618.1,1.7,6.12,9.8
7623.1,2.0,7.2,8.33
7627.0,2.6,9.36,6.41
7631.3,2.9,10.44,5.75
7635.7,3.5,12.6,4.76
7639.4,3.5,12.6,4.76
7643.3,4.0,14.4,4.17
7647.0,4.0,14.4,4.17
7650.3,3.8,13.68,4.39
7654.9,3.8,13.68,4.39
7659.7,4.1,14.76,4.07
7663.4,4.0,14.4,4.17
7667.5,4.1,14.76,4.07
7671.0,4.1,14.76,4.07
7674.4,3.9,14.04,4.27
7678.2,3.7,13.32,4.5
7682.0,3.7,13.32,4.5
7685.8,3.7,13.32,4.5
7689.4,3.7,13.32,4.5
7692.4,3.6,12.96,4.63
7698.1,3.2,11.52,5.21
7701.4,3.1,11.16,5.38
7704.9,3.1,11.16,5.38
7708.5,3.2,11.52,5.21
7712.4,3.3,11.88,5.05
7716.6,3.7,13.32,4.5
7720.9,3.9,14.04,4.27
7724.9,4.0,14.4,4.17
7728.8,4.1,14.76,4.07
7732.8,4.1,14.76,4.07
7736.6,4.0,14.4,4.17
7740.6,3.9,14.04,4.27
7744.9,4.0,14.4,4.17
7749.2,4.1,14.76,4.07
7753.4,4.1,14.76,4.07
7757.5,4.2,15.12,3.97
7761.6,4.2,15.12,3.97
7765.3,4.1,14.76,4.07
7769.2,4.0,14.4,4.17
7773.1,3.9,14.04,4.27
7777.0,3.9,14.04,4.27
7780.7,3.8,13.68,4.39
7784.3,3.8,13.68,4.39
7788.0,3.8,13.68,4.39
7791.7,3.7,13.32,4.5
7795.9,3.8,13.68,4.39
7800.2,3.9,14.04,4.27
7804.0,3.9,14.04,4.27
7807.9,4.0,14.4,4.17
7812.3,4.1,14.76,4.07
7817.0,4.2,15.12,3.97
7821.5,4.3,15.48,3.88
7825.8,4.4,15.84,3.79
7829.8,4.4,15.84,3.79
7833.8,4.3,15.48,3.88
7837.7,4.1,14.76,4.07
7841.6,4.0,14.4,4.17
7845.7,4.0,14.4,4.17
7849.7,4.0,14.4,4.17
7853.9,4.0,14.4,4.17
7858.3,4.1,14.76,4.07
7862.6,4.2,15.12,3.97
7866.8,4.2,15.12,3.97
7870.8,4.2,15.12,3.97
7874.5,4.1,14.76,4.07
7878.4,4.0,14.4,4.17
7882.3,3.9,14.04,4.27
7886.6,4.0,14.4,4.17
7891.3,4.1,14.76,4.07
7896.2,4.3,15.48,3.88
7900.7,4.5,16.2,3.7
7905.2,4.6,16.56,3.62
7909.8,4.6,16.56,3.62
7914.2,4.6,16.56,3.62
7918.7,4.5,16.2,3.7
7923.2,4.5,16.2,3.7
7927.6,4.5,16.2,3.7
7931.6,4.4,15.84,3.79
7935.8,4.3,15.48,3.88
7940.1,4.3,15.48,3.88
7944.2,4.2,15.12,3.97
7948.9,4.3,15.48,3.88
7953.8,4.4,15.84,3.79
7958.7,4.6,16.56,3.62
7963.9,4.8,17.28,3.47
7968.8,4.9,17.64,3.4
7973.6,4.9,17.64,3.4
7978.1,4.9,17.64,3.4
7981.9,4.6,16.56,3.62
7986.1,4.4,15.84,3.79
7990.6,4.4,15.84,3.79
7995.0,4.3,15.48,3.88
7999.8,4.3,15.48,3.88
8003.9,4.4,15.84,3.79
8008.1,4.4,15.84,3.79
8011.5,4.2,15.12,3.97
8017.4,3.5,12.6,4.76
8020.8,3.4,12.24,4.9
8024.5,3.3,11.88,5.05
8028.4,3.4,12.24,4.9
8032.4,3.5,12.6,4.76
8037.1,3.9,14.04,4.27
8042.0,4.2,15.12,3.97
8046.8,4.5,16.2,3.7
8051.2,4.6,16.56,3.62
8055.2,4.6,16.56,3.62
8058.7,4.3,15.48,3.88
8062.6,4.1,14.76,4.07
8066.2,3.9,14.04,4.27
8069.8,3.7,13.32,4.5
8073.3,3.6,12.96,4.63
8076.8,3.6,12.96,4.63
8080.5,3.6,12.96,4.63
8084.0,3.6,12.96,4.63
8087.6,3.6,12.96,4.63
8090.7,3.5,12.6,4.76
8094.0,3.4,12.24,4.9
8097.4,3.4,12.24,4.9
8100.6,3.3,11.88,5.05
8103.7,3.2,11.52,5.21
8106.8,3.2,11.52,5.21
8110.1,3.2,11.52,5.21
8113.4,3.2,11.52,5.21
8117.1,3.3,11.88,5.05
8120.9,3.4,12.24,4.9
8124.8,3.6,12.96,4.63
8128.9,3.8,13.68,4.39
8133.8,4.1,14.76,4.07
8138.6,4.3,15.48,3.88
8143.6,4.5,16.2,3.7
8148.4,4.7,16.92,3.55
8153.2,4.9,17.64,3.4
8157.6,4.8,17.28,3.47
8161.6,4.6,16.56,3.62
8165.1,4.3,15.48,3.88
8168.6,4.0,14.4,4.17
8172.0,3.8,13.68,4.39
8175.3,3.5,12.6,4.76
8179.0,3.5,12.6,4.76
8182.5,3.5,12.6,4.76
8186.3,3.5,12.6,4.76
8190.2,3.6,12.96,4.63
8194.5,3.8,13.68,4.39
8198.8,4.0,14.4,4.17
8203.1,4.1,14.76,4.07
8207.4,4.2,15.12,3.97
8211.9,4.3,15.48,3.88
8216.4,4.4,15.84,3.79
8221.1,4.5,16.2,3.7
8224.6,4.3,15.48,3.88
8228.3,4.2,15.12,3.97
8231.8,4.0,14.4,4.17
8235.5,3.8,13.68,4.39
8239.4,3.7,13.32,4.5
8244.0,3.9,14.04,4.27
8248.4,4.0,14.4,4.17
8252.5,4.1,14.76,4.07
8256.8,4.3,15.48,3.88
8260.8,4.3,15.48,3.88
8265.0,4.2,15.12,3.97
8268.9,4.1,14.76,4.07
8272.6,4.0,14.4,4.17
8276.4,3.9,14.04,4.27
8280.4,3.9,14.04,4.27
8283.9,3.8,13.68,4.39
8287.9,3.8,13.68,4.39
8292.3,3.9,14.04,4.27
8296.8,4.1,14.76,4.07
8301.8,4.3,15.48,3.88
8305.7,4.4,15.84,3.79
8309.5,4.3,15.48,3.88
8313.3,4.2,15.12,3.97
8316.5,3.9,14.04,4.27
8322.8,3.4,12.24,4.9
8326.3,3.4,12.24,4.9
8329.9,3.3,11.88,5.05
8334.0,3.5,12.6,4.76
8337.9,3.6,12.96,4.63
8342.1,3.9,14.04,4.27
8346.0,3.9,14.04,4.27
8349.8,4.0,14.4,4.17
8353.8,4.0,14.4,4.17
8358.0,4.0,14.4,4.17
8362.0,4.0,14.4,4.17
8365.8,4.0,14.4,4.17
8369.1,3.9,14.04,4.27
8372.6,3.8,13.68,4.39
8376.5,3.7,13.32,4.5
8380.1,3.6,12.96,4.63
8383.9,3.6,12.96,4.63
8387.9,3.8,13.68,4.39
8391.9,3.9,14.04,4.27
8396.5,4.0,14.4,4.17
8401.4,4.3,15.48,3.88
8406.5,4.5,16.2,3.7
8411.4,4.7,16.92,3.55
8416.4,4.9,17.64,3.4
8421.2,4.9,17.64,3.4
8426.1,4.9,17.64,3.4
8430.2,4.7,16.92,3.55
8434.0,4.5,16.2,3.7
8438.4,4.4,15.84,3.79
8442.4,4.2,15.12,3.97
8446.2,4.0,14.4,4.17
8449.7,3.9,14.04,4.27
8453.4,3.9,14.04,4.27
8457.5,3.8,13.68,4.39
8461.6,3.8,13.68,4.39
8466.1,4.0,14.4,4.17
8470.6,4.2,15.12,3.97
8474.7,4.3,15.48,3.88
8478.3,4.2,15.12,3.97
8483.1,4.3,15.48,3.88
8487.6,4.3,15.48,3.88
8492.0,4.3,15.48,3.88
8496.2,4.3,15.48,3.88
8500.7,4.5,16.2,3.7
8505.5,4.5,16.2,3.7
8509.8,4.4,15.84,3.79
8513.7,4.3,15.48,3.88
8517.6,4.3,15.48,3.88
8521.6,4.2,15.12,3.97
8525.4,4.0,14.4,4.17
8529.4,3.9,14.04,4.27
8533.3,3.9,14.04,4.27
8537.4,4.0,14.4,4.17
8541.6,4.0,14.4,4.17
8545.6,4.0,14.4,4.17
8549.2,4.0,14.4,4.17
8553.2,4.0,14.4,4.17
8557.3,4.0,14.4,4.17
8560.8,3.8,13.68,4.39
8565.9,3.3,11.88,5.05
8569.0,2.3,8.28,7.25
8573.1,2.1,7.56,7.94
8576.6,1.8,6.48,9.26
8580.5,1.5,5.4,11.11
8584.4,1.3,4.68,12.82
8588.9,1.4,5.04,11.9
8592.2,1.6,5.76,10.42
8595.8,1.6,5.76,10.42
8599.2,1.7,6.12,9.8
8602.8,1.8,6.48,9.26
8607.0,1.6,5.76,10.42
8611.2,1.4,5.04,11.9
8615.5,1.4,5.04,11.9
8618.8,1.5,5.4,11.11
8622.7,1.6,5.76,10.42
8626.5,1.8,6.48,9.26
8630.2,1.9,6.84,8.77
8633.8,1.8,6.48,9.26
8637.1,1.4,5.04,11.9
8640.9,0.9,3.24,18.52
8644.0,1.0,3.6,16.67
8647.0,1.1,3.96,15.15
8650.9,1.4,5.04,11.9
8654.2,1.4,5.04,11.9
8658.1,1.4,5.04,11.9
8661.1,1.1,3.96,15.15
8664.9,1.1,3.96,15.15
8668.5,1.2,4.32,13.89
8672.3,0.9,3.24,18.52
8676.1,1.1,3.96,15.15
8680.8,1.4,5.04,11.9
8685.4,2.2,7.92,7.58
8689.6,2.3,8.28,7.25
8693.5,2.1,7.56,7.94
8697.5,2.0,7.2,8.33
8701.1,1.9,6.84,8.77
8705.0,1.9,6.84,8.77
8709.3,2.0,7.2,8.33
8714.7,2.3,8.28,7.25
8719.8,2.5,9.0,6.67
8725.1,2.6,9.36,6.41
8729.8,2.5,9.0,6.67
8733.3,2.3,8.28,7.25
8736.3,1.9,6.84,8.77
8741.3,1.9,6.84,8.77
8745.6,2.5,9.0,6.67
8750.5,2.9,10.44,5.75
8755.1,3.8,13.68,4.39
8759.3,3.8,13.68,4.39
8763.5,4.4,15.84,3.79
8768.0,4.5,16.2,3.7
8772.1,4.3,15.48,3.88
8776.3,4.2,15.12,3.97
8780.2,4.2,15.12,3.97
8784.0,4.1,14.76,4.07
8787.9,4.0,14.4,4.17
8791.8,3.9,14.04,4.27
8795.6,3.9,14.04,4.27
8799.3,3.8,13.68,4.39
8803.1,3.8,13.68,4.39
8807.2,3.9,14.04,4.27
8811.2,3.9,14.04,4.27
8815.2,3.9,14.04,4.27
8818.9,3.9,14.04,4.27
8822.6,3.9,14.04,4.27
8826.3,3.8,13.68,4.39
8830.2,3.8,13.68,4.39
8834.3,3.8,13.68,4.39
8838.0,3.8,13.68,4.39
8842.0,3.9,14.04,4.27
8845.9,3.9,14.04,4.27
8849.6,3.9,14.04,4.27
8853.4,3.8,13.68,4.39
8857.3,3.9,14.04,4.27
8861.4,3.9,14.04,4.27
8865.7,4.0,14.4,4.17
8870.1,4.1,14.76,4.07
8874.6,4.2,15.12,3.97
8878.8,4.3,15.48,3.88
8882.9,4.3,15.48,3.88
8887.6,4.4,15.84,3.79
8891.4,4.3,15.48,3.88
8895.2,4.1,14.76,4.07
8898.9,4.0,14.4,4.17
8902.5,3.9,14.04,4.27
8906.2,3.7,13.32,4.5
8909.9,3.7,13.32,4.5
8913.7,3.7,13.32,4.5
8917.6,3.7,13.32,4.5
8921.8,3.9,14.04,4.27
8925.9,3.9,14.04,4.27
8930.1,4.0,14.4,4.17
8934.1,4.1,14.76,4.07
8938.1,4.1,14.76,4.07
8942.0,4.0,14.4,4.17
8946.1,4.0,14.4,4.17
8950.4,4.1,14.76,4.07
8954.6,4.1,14.76,4.07
8958.9,4.2,15.12,3.97
8963.2,4.2,15.12,3.97
8967.4,4.3,15.48,3.88
8971.5,4.2,15.12,3.97
8975.3,4.1,14.76,4.07
8979.2,4.1,14.76,4.07
8983.3,4.0,14.4,4.17
8987.6,4.0,14.4,4.17
8991.8,4.1,14.76,4.07
8996.0,4.1,14.76,4.07
9000.3,4.2,15.12,3.97
9004.8,4.3,15.48,3.88
9009.1,4.3,15.48,3.88
9013.7,4.4,15.84,3.79
9017.9,4.4,15.84,3.79
9022.2,4.4,15.84,3.79
9026.5,4.3,15.48,3.88
9030.9,4.4,15.84,3.79
9035.4,4.3,15.48,3.88
9040.1,4.4,15.84,3.79
9044.6,4.5,16.2,3.7
9049.1,4.5,16.2,3.7
9053.6,4.5,16.2,3.7
9058.1,4.5,16.2,3.7
9062.5,4.5,16.2,3.7
9066.5,4.4,15.84,3.79
9070.7,4.3,15.48,3.88
9074.9,4.3,15.48,3.88
9079.4,4.3,15.48,3.88
9084.0,4.3,15.48,3.88
9088.7,4.4,15.84,3.79
9092.6,4.4,15.84,3.79
9096.2,4.3,15.48,3.88
9100.7,4.3,15.48,3.88
9105.7,4.3,15.48,3.88
9110.1,4.3,15.48,3.88
9114.3,4.3,15.48,3.88
9118.3,4.4,15.84,3.79
9121.8,4.2,15.12,3.97
9125.2,3.9,14.04,4.27
9128.4,3.7,13.32,4.5
9133.8,3.1,11.16,5.38
9136.9,3.0,10.8,5.56
9140.4,3.0,10.8,5.56
9144.2,3.2,11.52,5.21
9147.8,3.2,11.52,5.21
9151.7,3.6,12.96,4.63
9155.5,3.7,13.32,4.5
9159.1,3.7,13.32,4.5
9162.6,3.7,13.32,4.5
9166.0,3.6,12.96,4.63
9169.8,3.6,12.96,4.63
9173.1,3.5,12.6,4.76
9176.3,3.4,12.24,4.9
9179.4,3.4,12.24,4.9
9182.5,3.3,11.88,5.05
9186.0,3.2,11.52,5.21
9189.2,3.2,11.52,5.21
9192.4,3.2,11.52,5.21
9195.8,3.3,11.88,5.05
9199.8,3.5,12.6,4.76
9203.7,3.5,12.6,4.76
9207.2,3.6,12.96,4.63
9210.4,3.6,12.96,4.63
9213.8,3.6,12.96,4.63
9217.6,3.6,12.96,4.63
9221.6,3.6,12.96,4.63
9225.7,3.7,13.32,4.5
9230.2,4.0,14.4,4.17
9234.8,4.2,15.12,3.97
9239.1,4.3,15.48,3.88
9243.4,4.4,15.84,3.79
9247.9,4.4,15.84,3.79
9251.9,4.3,15.48,3.88
9256.1,4.3,15.48,3.88
9260.3,4.2,15.12,3.97
9264.4,4.2,15.12,3.97
9268.0,4.0,14.4,4.17
9271.1,3.8,13.68,4.39
9274.7,3.7,13.32,4.5
9278.3,3.6,12.96,4.63
9282.3,3.6,12.96,4.63
9286.5,3.7,13.32,4.5
9290.3,3.8,13.68,4.39
9294.3,3.9,14.04,4.27
9299.2,4.2,15.12,3.97
9303.7,4.3,15.48,3.88
9307.6,4.2,15.12,3.97
9311.0,4.1,14.76,4.07
9315.7,4.3,15.48,3.88
9320.3,4.2,15.12,3.97
9324.4,4.1,14.76,4.07
9329.1,4.3,15.48,3.88
9333.6,4.5,16.2,3.7
9338.0,4.5,16.2,3.7
9342.0,4.3,15.48,3.88
9346.3,4.4,15.84,3.79
9350.5,4.3,15.48,3.88
9354.3,4.1,14.76,4.07
9358.2,4.0,14.4,4.17
9362.4,4.1,14.76,4.07
9366.8,4.1,14.76,4.07
9371.0,4.1,14.76,4.07
9375.3,4.2,15.12,3.97
9379.4,4.2,15.12,3.97
9383.4,4.2,15.12,3.97
9387.4,4.1,14.76,4.07
9391.6,4.1,14.76,4.07
9395.5,4.0,14.4,4.17
9400.0,4.1,14.76,4.07
9404.7,4.3,15.48,3.88
9410.3,4.6,16.56,3.62
9415.0,4.7,16.92,3.55
9418.8,4.7,16.92,3.55
9422.5,4.5,16.2,3.7
9426.3,4.3,15.48,3.88
9429.5,3.8,13.68,4.39
9432.7,3.5,12.6,4.76
9436.1,3.5,12.6,4.76
9440.4,3.6,12.96,4.63
9444.5,3.6,12.96,4.63
9448.4,3.8,13.68,4.39
9452.5,4.0,14.4,4.17
9456.7,4.1,14.76,4.07
9461.0,4.1,14.76,4.07
9465.2,4.1,14.76,4.07
9468.9,4.1,14.76,4.07
9472.5,4.0,14.4,4.17
9476.2,3.9,14.04,4.27
9480.0,3.8,13.68,4.39
9483.8,3.7,13.32,4.5
9487.7,3.8,13.68,4.39
9491.8,3.9,14.04,4.27
9495.7,3.9,14.04,4.27
9499.6,3.9,14.04,4.27
9504.1,4.1,14.76,4.07
9509.0,4.3,15.48,3.88
9513.8,4.4,15.84,3.79
9518.4,4.5,16.2,3.7
9523.1,4.7,16.92,3.55
9528.1,4.8,17.28,3.47
9533.2,4.8,17.28,3.47
9537.7,4.8,17.28,3.47
9542.5,4.8,17.28,3.47
9546.9,4.8,17.28,3.47
9551.1,4.6,16.56,3.62
9555.1,4.4,15.84,3.79
9558.9,4.2,15.12,3.97
9562.4,4.0,14.4,4.17
9565.8,3.8,13.68,4.39
9569.4,3.7,13.32,4.5
9573.5,3.7,13.32,4.5
9577.8,3.8,13.68,4.39
9582.1,3.9,14.04,4.27
9586.3,4.1,14.76,4.07
9590.6,4.2,15.12,3.97
9594.9,4.3,15.48,3.88
9599.3,4.3,15.48,3.88
9603.4,4.3,15.48,3.88
9607.5,4.2,15.12,3.97
9612.0,4.3,15.48,3.88
9616.4,4.3,15.48,3.88
9620.9,4.3,15.48,3.88
9625.0,4.3,15.48,3.88
9628.9,4.3,15.48,3.88
9632.8,4.2,15.12,3.97
9637.2,4.2,15.12,3.97
9640.9,4.0,14.4,4.17
9644.3,3.9,14.04,4.27
9648.2,3.9,14.04,4.27
9652.1,3.9,14.04,4.27
9655.2,3.6,12.96,4.63
9658.3,3.5,12.6,4.76
9661.9,3.5,12.6,4.76
9665.4,3.4,12.24,4.9
9670.7,3.1,11.16,5.38
9674.6,1.8,6.48,9.26
9678.6,0.9,3.24,18.52
9682.4,0.8,2.88,20.83
9686.0,1.1,3.96,15.15
9689.8,1.5,5.4,11.11
9694.4,1.0,3.6,16.67
9700.2,1.3,4.68,12.82
9706.1,1.6,5.76,10.42
9709.2,3.0,10.8,5.56
9713.9,2.7,9.72,6.17
9718.9,2.6,9.36,6.41
9723.6,2.4,8.64,6.94
9728.2,2.4,8.64,6.94
9733.1,2.4,8.64,6.94
9738.1,2.4,8.64,6.94
9743.4,2.5,9.0,6.67
9748.6,2.6,9.36,6.41
9753.9,2.6,9.36,6.41
9759.0,2.6,9.36,6.41
9763.6,2.5,9.0,6.67
9768.4,2.4,8.64,6.94
9772.7,2.3,8.28,7.25
9778.1,2.4,8.64,6.94
9783.7,2.6,9.36,6.41
9786.9,2.8,10.08,5.95
9790.3,2.9,10.44,5.75
9793.4,3.1,11.16,5.38
9798.4,2.9,10.44,5.75
9803.5,2.6,9.36,6.41
9808.3,2.5,9.0,6.67
9813.8,2.6,9.36,6.41
9816.8,2.7,9.72,6.17
9820.2,2.8,10.08,5.95
9823.3,3.0,10.8,5.56
9826.4,3.0,10.8,5.56
9830.0,3.2,11.52,5.21
9835.7,3.1,11.16,5.38
9840.6,2.8,10.08,5.95
9845.4,2.6,9.36,6.41
9850.4,2.4,8.64,6.94
9855.3,2.4,8.64,6.94
9860.7,2.6,9.36,6.41
9865.2,2.5,9.0,6.67
9870.2,2.5,9.0,6.67
9875.5,2.5,9.0,6.67
9881.3,2.7,9.72,6.17
9886.1,2.6,9.36,6.41
9890.6,2.5,9.0,6.67
9895.8,2.4,8.64,6.94
9901.2,2.5,9.0,6.67
9906.2,2.6,9.36,6.41
9909.9,2.4,8.64,6.94
9913.5,2.0,7.2,8.33
9918.2,2.0,7.2,8.33
9923.0,2.2,7.92,7.58
9928.1,2.4,8.64,6.94
9933.8,2.6,9.36,6.41
9939.6,2.8,10.08,5.95
9942.8,2.9,10.44,5.75
9946.0,3.0,10.8,5.56
9949.4,3.1,11.16,5.38
9953.1,3.2,11.52,5.21
9956.5,3.4,12.24,4.9
9959.8,3.4,12.24,4.9
9966.0,3.3,11.88,5.05
9969.4,3.3,11.88,5.05
9972.7,3.2,11.52,5.21
9975.9,3.2,11.52,5.21
9982.0,3.2,11.52,5.21
9987.5,3.0,10.8,5.56
9992.6,2.8,10.08,5.95
9997.9,2.6,9.36,6.41
10003.2,2.6,9.36,6.41
10008.0,2.6,9.36,6.41
10013.0,2.5,9.0,6.67
10018.1,2.5,9.0,6.67
10023.0,2.5,9.0,6.67
10028.6,2.6,9.36,6.41
10034.3,2.7,9.72,6.17
10037.5,2.9,10.44,5.75
10040.8,3.0,10.8,5.56
10044.1,3.1,11.16,5.38
10049.7,3.1,11.16,5.38
10055.3,2.9,10.44,5.75
10061.1,2.8,10.08,5.95
10064.2,2.9,10.44,5.75
10067.3,2.9,10.44,5.75
10070.5,3.0,10.8,5.56
10076.0,3.0,10.8,5.56
10080.8,2.7,9.72,6.17
10083.9,2.7,9.72,6.17
10087.1,2.8,10.08,5.95
10090.4,2.9,10.44,5.75
10093.5,2.9,10.44,5.75
10096.9,3.2,11.52,5.21
10100.4,3.3,11.88,5.05
10104.0,3.4,12.24,4.9
10107.6,3.4,12.24,4.9
10111.5,3.6,12.96,4.63
10115.0,3.6,12.96,4.63
10118.1,3.5,12.6,4.76
10121.5,3.5,12.6,4.76
10124.8,3.4,12.24,4.9
10128.4,3.4,12.24,4.9
10131.8,3.4,12.24,4.9
10135.3,3.4,12.24,4.9
10138.6,3.4,12.24,4.9
10142.5,3.5,12.6,4.76
10146.1,3.5,12.6,4.76
10149.8,3.6,12.96,4.63
10153.4,3.6,12.96,4.63
10156.6,3.6,12.96,4.63
10159.9,3.5,12.6,4.76
10165.8,3.2,11.52,5.21
10169.1,3.1,11.16,5.38
10175.0,3.0,10.8,5.56
10179.8,2.8,10.08,5.95
10185.9,2.8,10.08,5.95
10189.1,2.8,10.08,5.95
10192.2,2.9,10.44,5.75
10195.6,3.2,11.52,5.21
10199.6,3.3,11.88,5.05
10203.0,3.4,12.24,4.9
10208.8,3.3,11.88,5.05
10211.8,3.2,11.52,5.21
10214.9,3.1,11.16,5.38
10217.9,3.0,10.8,5.56
10223.8,3.0,10.8,5.56
10229.4,2.9,10.44,5.75
10235.3,2.9,10.44,5.75
10241.1,2.9,10.44,5.75
10245.9,2.8,10.08,5.95
10251.4,2.7,9.72,6.17
10257.2,2.7,9.72,6.17
10260.3,2.9,10.44,5.75
10263.7,3.0,10.8,5.56
10267.2,3.2,11.52,5.21
10270.4,3.2,11.52,5.21
10276.2,3.2,11.52,5.21
10281.5,2.9,10.44,5.75
10286.3,2.6,9.36,6.41
10291.1,2.5,9.0,6.67
10295.5,2.3,8.28,7.25
10300.3,2.3,8.28,7.25
10305.6,2.4,8.64,6.94
10311.3,2.6,9.36,6.41
10317.1,2.8,10.08,5.95
10322.2,2.8,10.08,5.95
10326.6,2.6,9.36,6.41
10331.7,2.4,8.64,6.94
10337.7,2.6,9.36,6.41
10340.9,2.9,10.44,5.75
10346.5,3.0,10.8,5.56
10351.5,2.8,10.08,5.95
10357.6,2.8,10.08,5.95
10360.8,2.9,10.44,5.75
10363.9,2.9,10.44,5.75
10366.9,3.1,11.16,5.38
10372.5,3.0,10.8,5.56
10377.8,2.8,10.08,5.95
10381.0,2.4,8.64,6.94
10384.8,0.9,3.24,18.52
10388.1,0.8,2.88,20.83
10391.2,1.3,4.68,12.82
10398.1,0.8,2.88,20.83
10401.1,0.4,1.44,41.67
10406.8,0.3,1.08,55.56
10411.2,0.7,2.52,23.81
10416.3,1.0,3.6,16.67
10421.2,1.3,4.68,12.82
10425.9,1.5,5.4,11.11
10430.8,1.5,5.4,11.11
10435.8,4.9,17.64,3.4
10441.0,4.9,17.64,3.4
10446.0,5.0,18.0,3.33
10450.7,5.0,18.0,3.33
10455.0,4.8,17.28,3.47
10459.3,4.7,16.92,3.55
10463.6,4.5,16.2,3.7
10468.1,4.4,15.84,3.79
10472.8,4.4,15.84,3.79
10477.5,4.5,16.2,3.7
10482.3,4.6,16.56,3.62
10486.7,4.6,16.56,3.62
10491.4,4.7,16.92,3.55
10496.6,4.8,17.28,3.47
10501.8,4.9,17.64,3.4
10506.5,4.8,17.28,3.47
10511.1,4.9,17.64,3.4
10515.3,4.8,17.28,3.47
10519.5,4.6,16.56,3.62
10524.5,4.5,16.2,3.7
10530.1,4.7,16.92,3.55
10534.5,4.7,16.92,3.55
10538.9,4.7,16.92,3.55
10543.4,4.8,17.28,3.47
10547.7,4.6,16.56,3.62
10551.8,4.3,15.48,3.88
10555.9,4.3,15.48,3.88
10560.2,4.3,15.48,3.88
10564.5,4.2,15.12,3.97
10568.6,4.2,15.12,3.97
10572.3,4.1,14.76,4.07
10575.7,4.0,14.4,4.17
10579.7,3.9,14.04,4.27
10584.2,3.9,14.04,4.27
10588.9,4.1,14.76,4.07
10593.7,4.3,15.48,3.88
10598.2,4.5,16.2,3.7
10602.3,4.5,16.2,3.7
10606.3,4.4,15.84,3.79
10610.4,4.3,15.48,3.88
10614.2,4.1,14.76,4.07
10617.9,3.9,14.04,4.27
10621.7,3.9,14.04,4.27
10625.7,3.9,14.04,4.27
10630.2,4.0,14.4,4.17
10635.1,4.2,15.12,3.97
10640.5,4.5,16.2,3.7
10645.8,4.8,17.28,3.47
10650.9,5.0,18.0,3.33
10655.7,5.1,18.36,3.27
10660.5,5.1,18.36,3.27
10665.3,5.0,18.0,3.33
10669.5,4.7,16.92,3.55
10673.8,4.6,16.56,3.62
10678.0,4.5,16.2,3.7
10681.9,4.3,15.48,3.88
10685.8,4.1,14.76,4.07
10690.0,4.1,14.76,4.07
10694.4,4.1,14.76,4.07
10698.8,4.2,15.12,3.97
10703.3,4.3,15.48,3.88
10707.9,4.4,15.84,3.79
10712.5,4.5,16.2,3.7
10717.2,4.6,16.56,3.62
10722.0,4.6,16.56,3.62
10727.1,4.8,17.28,3.47
10731.9,4.8,17.28,3.47
10736.7,4.8,17.28,3.47
10741.3,4.8,17.28,3.47
10745.1,4.6,16.56,3.62
10748.9,4.4,15.84,3.79
10752.6,4.1,14.76,4.07
10756.4,3.9,14.04,4.27
10761.0,3.9,14.04,4.27
10765.3,4.0,14.4,4.17
10769.8,4.2,15.12,3.97
10774.1,4.3,15.48,3.88
10777.8,4.3,15.48,3.88
10781.7,4.1,14.76,4.07
10786.6,4.3,15.48,3.88
10792.0,4.4,15.84,3.79
10796.4,4.5,16.2,3.7
10800.6,4.6,16.56,3.62
10804.4,4.5,16.2,3.7
10808.2,4.3,15.48,3.88
10812.3,4.1,14.76,4.07
10816.6,4.0,14.4,4.17
10820.7,4.0,14.4,4.17
10824.4,4.0,14.4,4.17
10828.3,4.0,14.4,4.17
10832.5,4.0,14.4,4.17
10836.4,4.0,14.4,4.17
10840.3,3.9,14.04,4.27
10844.4,4.0,14.4,4.17
10847.6,3.9,14.04,4.27
10854.1,3.5,12.6,4.76
10860.4,3.2,11.52,5.21
10863.6,3.2,11.52,5.21
10867.0,3.2,11.52,5.21
10870.9,3.4,12.24,4.9
10874.4,3.4,12.24,4.9
10880.5,3.4,12.24,4.9
10884.2,3.4,12.24,4.9
10887.6,3.3,11.88,5.05
10891.2,3.4,12.24,4.9
10895.0,3.4,12.24,4.9
10898.7,3.6,12.96,4.63
10902.6,3.7,13.32,4.5
10906.7,3.8,13.68,4.39
10910.5,3.9,14.04,4.27
10914.6,3.9,14.04,4.27
10918.5,4.0,14.4,4.17
10923.1,4.1,14.76,4.07
10926.6,4.0,14.4,4.17
10931.1,4.1,14.76,4.07
10935.2,4.1,14.76,4.07
10939.1,4.1,14.76,4.07
10942.7,3.9,14.04,4.27
10946.9,4.1,14.76,4.07
10950.7,3.9,14.04,4.27
10955.0,4.0,14.4,4.17
10958.1,3.8,13.68,4.39
10961.9,3.8,13.68,4.39
10966.6,3.9,14.04,4.27
10971.1,4.1,14.76,4.07
10975.1,4.0,14.4,4.17
10979.4,4.3,15.48,3.88
10983.2,4.3,15.48,3.88
10986.8,4.0,14.4,4.17
10989.8,3.7,13.32,4.5
10995.7,3.3,11.88,5.05
10999.2,3.2,11.52,5.21
11002.9,3.2,11.52,5.21
11006.8,3.4,12.24,4.9
11010.7,3.5,12.6,4.76
11014.5,3.8,13.68,4.39
11018.4,3.8,13.68,4.39
11021.9,3.8,13.68,4.39
11025.3,3.7,13.32,4.5
11029.3,3.7,13.32,4.5
11033.2,3.7,13.32,4.5
11036.9,3.7,13.32,4.5
11040.7,3.8,13.68,4.39
11044.6,3.9,14.04,4.27
11048.4,3.8,13.68,4.39
11052.0,3.8,13.68,4.39
11055.7,3.8,13.68,4.39
11059.2,3.7,13.32,4.5
11063.0,3.7,13.32,4.5
11067.0,3.7,13.32,4.5
11070.6,3.7,13.32,4.5
11074.6,3.8,13.68,4.39
11078.8,3.9,14.04,4.27
11083.0,4.0,14.4,4.17
11087.3,4.1,14.76,4.07
11091.8,4.2,15.12,3.97
11095.9,4.3,15.48,3.88
11100.1,4.3,15.48,3.88
11104.0,4.2,15.12,3.97
11107.4,4.0,14.4,4.17
11110.8,3.8,13.68,4.39
11114.3,3.7,13.32,4.5
11117.3,3.4,12.24,4.9
11123.2,3.2,11.52,5.21
11126.5,3.1,11.16,5.38
11130.3,3.2,11.52,5.21
11134.1,3.4,12.24,4.9
11138.3,3.5,12.6,4.76
11142.9,3.9,14.04,4.27
11147.1,4.1,14.76,4.07
11151.4,4.2,15.12,3.97
11155.4,4.3,15.48,3.88
11159.8,4.3,15.48,3.88
11164.2,4.3,15.48,3.88
11168.9,4.4,15.84,3.79
11173.5,4.4,15.84,3.79
11177.5,4.4,15.84,3.79
11181.5,4.3,15.48,3.88
11185.6,4.3,15.48,3.88
11189.6,4.1,14.76,4.07
11193.8,4.1,14.76,4.07
11198.2,4.1,14.76,4.07
11202.8,4.3,15.48,3.88
11207.1,4.3,15.48,3.88
11211.4,4.4,15.84,3.79
11215.9,4.4,15.84,3.79
11220.0,4.4,15.84,3.79
11224.3,4.3,15.48,3.88
11228.6,4.3,15.48,3.88
11233.0,4.3,15.48,3.88
11237.7,4.4,15.84,3.79
11242.6,4.5,16.2,3.7
11247.3,4.6,16.56,3.62
11252.7,4.8,17.28,3.47
11257.8,5.0,18.0,3.33
11262.3,4.9,17.64,3.4
11266.8,4.8,17.28,3.47
11271.0,4.7,16.92,3.55
11275.3,4.5,16.2,3.7
11279.8,4.4,15.84,3.79
11283.9,4.3,15.48,3.88
11287.9,4.2,15.12,3.97
11291.7,4.1,14.76,4.07
11295.6,4.1,14.76,4.07
11299.5,3.9,14.04,4.27
11303.5,3.9,14.04,4.27
11307.2,3.9,14.04,4.27
11311.7,4.0,14.4,4.17
11316.0,4.1,14.76,4.07
11319.8,4.1,14.76,4.07
11323.2,3.9,14.04,4.27
11327.7,3.2,11.52,5.21
11331.0,1.3,4.68,12.82
11334.5,0.7,2.52,23.81
11338.3,0.8,2.88,20.83
11342.1,1.3,4.68,12.82
11345.8,1.1,3.96,15.15
11349.0,1.1,3.96,15.15
11352.9,1.0,3.6,16.67
11356.9,0.9,3.24,18.52
11360.5,1.1,3.96,15.15
11364.5,1.3,4.68,12.82
11368.9,1.2,4.32,13.89
11372.0,1.3,4.68,12.82
11375.1,1.3,4.68,12.82
11379.0,1.4,5.04,11.9
11382.1,1.2,4.32,13.89
11386.0,1.2,4.32,13.89
11389.0,1.4,5.04,11.9
11392.5,1.3,4.68,12.82
11395.9,1.4,5.04,11.9
11400.2,1.6,5.76,10.42
11404.3,2.0,7.2,8.33
11407.8,2.0,7.2,8.33
11411.2,1.8,6.48,9.26
11417.0,2.1,7.56,7.94
11422.5,2.5,9.0,6.67
11427.7,2.8,10.08,5.95
11432.5,2.6,9.36,6.41
11437.6,2.5,9.0,6.67
11441.8,2.3,8.28,7.25
11446.9,2.4,8.64,6.94
11452.1,2.4,8.64,6.94
11457.5,2.6,9.36,6.41
11462.8,2.6,9.36,6.41
11465.9,2.8,10.08,5.95
11469.2,2.9,10.44,5.75
11472.4,3.0,10.8,5.56
11477.8,3.0,10.8,5.56
11483.1,2.8,10.08,5.95
11488.7,2.7,9.72,6.17
11494.2,2.7,9.72,6.17
11500.2,2.9,10.44,5.75
11503.5,3.0,10.8,5.56
11509.2,3.0,10.8,5.56
11514.6,2.9,10.44,5.75
11519.8,2.7,9.72,6.17
11524.9,2.6,9.36,6.41
11529.9,2.5,9.0,6.67
11536.9,2.9,10.44,5.75
11540.3,3.1,11.16,5.38
11543.5,3.1,11.16,5.38
11547.1,3.4,12.24,4.9
11550.3,3.4,12.24,4.9
11553.4,3.3,11.88,5.05
11556.5,3.2,11.52,5.21
11562.6,3.1,11.16,5.38
11565.8,3.1,11.16,5.38
11571.0,2.9,10.44,5.75
11576.8,2.8,10.08,5.95
11579.8,2.8,10.08,5.95
11585.3,2.9,10.44,5.75
11590.6,2.8,10.08,5.95
11595.0,2.5,9.0,6.67
11599.6,2.4,8.64,6.94
11602.7,2.4,8.64,6.94
11606.0,2.6,9.36,6.41
11610.6,2.6,9.36,6.41
11615.9,2.6,9.36,6.41
11622.0,2.7,9.72,6.17
11627.7,2.9,10.44,5.75
11633.2,2.9,10.44,5.75
11638.5,2.8,10.08,5.95
11641.9,2.8,10.08,5.95
11645.0,2.9,10.44,5.75
11650.9,2.9,10.44,5.75
11656.8,3.0,10.8,5.56
11660.5,3.1,11.16,5.38
11665.7,3.0,10.8,5.56
11671.6,3.0,10.8,5.56
11674.7,2.8,10.08,5.95
11677.7,2.9,10.44,5.75
11680.9,3.0,10.8,5.56
11684.1,3.1,11.16,5.38
11689.4,2.9,10.44,5.75
11694.1,2.6,9.36,6.41
11699.3,2.5,9.0,6.67
11702.8,2.7,9.72,6.17
11706.2,2.8,10.08,5.95
11709.9,3.2,11.52,5.21
11713.9,3.3,11.88,5.05
11717.1,3.6,12.96,4.63
11720.2,3.5,12.6,4.76
11725.9,3.2,11.52,5.21
11730.4,2.7,9.72,6.17
11734.0,2.3,8.28,7.25
11738.5,2.1,7.56,7.94
11743.2,2.1,7.56,7.94
11748.8,2.5,9.0,6.67
11752.0,2.7,9.72,6.17
11755.0,2.8,10.08,5.95
11758.4,3.0,10.8,5.56
11762.0,3.1,11.16,5.38
11765.8,3.4,12.24,4.9
11769.4,3.5,12.6,4.76
11772.9,3.6,12.96,4.63
11776.5,3.6,12.96,4.63
11779.7,3.5,12.6,4.76
11783.0,3.4,12.24,4.9
11786.2,3.4,12.24,4.9
11789.4,3.3,11.88,5.05
11792.7,3.2,11.52,5.21
11795.9,3.2,11.52,5.21
11799.0,3.2,11.52,5.21
11804.5,3.0,10.8,5.56
11809.9,2.8,10.08,5.95
11815.5,2.8,10.08,5.95
11818.7,2.8,10.08,5.95
11822.1,2.9,10.44,5.75
11825.3,3.1,11.16,5.38
11828.5,3.1,11.16,5.38
11834.2,3.1,11.16,5.38
11837.3,3.0,10.8,5.56
11840.4,3.0,10.8,5.56
11846.4,3.0,10.8,5.56
11852.3,3.0,10.8,5.56
11855.5,3.0,10.8,5.56
11858.7,3.1,11.16,5.38
11861.8,3.1,11.16,5.38
11865.0,3.1,11.16,5.38
11868.4,3.2,11.52,5.21
11871.6,3.2,11.52,5.21
11877.4,3.1,11.16,5.38
11880.4,3.1,11.16,5.38
11885.3,2.7,9.72,6.17
11890.8,2.7,9.72,6.17
11896.1,2.6,9.36,6.41
11901.5,2.7,9.72,6.17
11907.5,2.8,10.08,5.95
11911.0,3.0,10.8,5.56
11914.9,3.1,11.16,5.38
11918.6,3.4,12.24,4.9
11924.4,3.4,12.24,4.9
11929.1,2.8,10.08,5.95
11933.8,2.5,9.0,6.67
11938.9,2.4,8.64,6.94
11944.8,2.6,9.36,6.41
11948.0,2.8,10.08,5.95
11953.7,3.0,10.8,5.56
11960.4,3.1,11.16,5.38
11965.9,3.0,10.8,5.56
11971.2,2.9,10.44,5.75
11976.9,2.8,10.08,5.95
11982.0,2.7,9.72,6.17
11987.7,2.8,10.08,5.95
11993.5,2.8,10.08,5.95
11998.7,2.8,10.08,5.95
12003.4,2.6,9.36,6.41
12007.9,2.4,8.64,6.94
12011.4,2.1,7.56,7.94
12015.8,2.1,7.56,7.94
12020.8,2.1,7.56,7.94
12024.0,2.5,9.0,6.67
12029.2,2.7,9.72,6.17
12032.3,2.8,10.08,5.95
12038.0,2.8,10.08,5.95
12041.5,2.9,10.44,5.75
12044.9,3.1,11.16,5.38
12048.3,3.2,11.52,5.21
12051.4,3.2,11.52,5.21
12057.2,3.1,11.16,5.38
12062.7,2.9,10.44,5.75
12067.7,2.7,9.72,6.17
12072.7,2.6,9.36,6.41
12078.9,2.7,9.72,6.17
12083.9,2.7,9.72,6.17
12088.1,2.6,9.36,6.41
12092.9,2.3,8.28,7.25
12098.5,2.4,8.64,6.94
12101.6,2.7,9.72,6.17
12107.4,2.9,10.44,5.75
12110.4,2.9,10.44,5.75
12116.3,2.9,10.44,5.75
12119.7,2.5,9.0,6.67
12122.9,2.1,7.56,7.94
12126.7,1.4,5.04,11.9
12130.0,1.4,5.04,11.9
12133.3,1.5,5.4,11.11
12137.7,0.6,2.16,27.78
12142.6,0.8,2.88,20.83
12148.2,1.1,3.96,15.15
12153.4,2.6,9.36,6.41
12158.0,2.6,9.36,6.41
12161.5,2.2,7.92,7.58
12164.7,1.9,6.84,8.77
12169.7,2.0,7.2,8.33
12172.7,2.2,7.92,7.58
12175.8,2.4,8.64,6.94
12181.7,2.8,10.08,5.95
12187.1,2.9,10.44,5.75
12190.5,2.9,10.44,5.75
12193.8,3.0,10.8,5.56
12199.3,2.9,10.44,5.75
12202.4,3.1,11.16,5.38
12206.1,2.5,9.0,6.67
12210.7,2.3,8.28,7.25
12216.8,2.4,8.64,6.94
12220.2,2.8,10.08,5.95
12226.1,3.1,11.16,5.38
12229.4,3.1,11.16,5.38
12232.5,3.1,11.16,5.38
12235.5,3.1,11.16,5.38
12238.8,3.1,11.16,5.38
12241.9,3.2,11.52,5.21
12245.0,3.1,11.16,5.38
12250.7,3.0,10.8,5.56
12253.7,3.0,10.8,5.56
12257.0,3.0,10.8,5.56
12262.8,3.0,10.8,5.56
12268.4,2.9,10.44,5.75
12273.0,2.7,9.72,6.17
12277.6,2.5,9.0,6.67
12282.2,2.3,8.28,7.25
12287.3,2.4,8.64,6.94
12290.8,2.6,9.36,6.41
12294.2,2.8,10.08,5.95
12297.6,3.1,11.16,5.38
12303.3,3.2,11.52,5.21
12307.5,2.7,9.72,6.17
12311.9,2.4,8.64,6.94
12316.9,2.3,8.28,7.25
12322.7,2.5,9.0,6.67
12325.9,2.8,10.08,5.95
12330.7,2.8,10.08,5.95
12336.5,2.8,10.08,5.95
12341.4,2.6,9.36,6.41
12345.9,2.5,9.0,6.67
12351.7,2.5,9.0,6.67
12357.1,2.6,9.36,6.41
12361.2,2.6,9.36,6.41
12365.0,2.2,7.92,7.58
12370.8,2.3,8.28,7.25
12374.4,2.6,9.36,6.41
12378.1,2.8,10.08,5.95
12383.2,3.0,10.8,5.56
12387.5,2.6,9.36,6.41
12391.5,1.7,6.12,9.8
12395.7,1.0,3.6,16.67
12400.8,1.3,4.68,12.82
12404.9,1.5,5.4,11.11
12408.4,2.1,7.56,7.94
12413.9,2.2,7.92,7.58
12419.3,2.4,8.64,6.94
12422.9,2.4,8.64,6.94
12426.1,0.2,0.72,83.33
12431.5,0.3,1.08,55.56
12436.9,0.4,1.44,41.67
12441.1,2.5,9.0,6.67
12447.3,2.6,9.36,6.41
12452.9,2.7,9.72,6.17
12456.2,3.0,10.8,5.56
12459.4,3.0,10.8,5.56
12463.7,3.3,11.88,5.05
12468.3,3.5,12.6,4.76
12473.3,4.1,14.76,4.07
12478.1,4.4,15.84,3.79
12481.9,4.5,16.2,3.7
12487.2,3.8,13.68,4.39
12492.1,2.8,10.08,5.95
12496.8,2.5,9.0,6.67
12502.6,2.6,9.36,6.41
12508.6,2.8,10.08,5.95
12513.2,3.3,11.88,5.05
12518.1,3.6,12.96,4.63
12521.5,3.8,13.68,4.39
12525.3,3.8,13.68,4.39
12528.5,4.0,14.4,4.17
12531.7,3.7,13.32,4.5
12535.0,3.4,12.24,4.9
12538.7,3.4,12.24,4.9
12542.2,3.4,12.24,4.9
12545.9,3.5,12.6,4.76
12550.2,3.7,13.32,4.5
12554.0,3.8,13.68,4.39
12557.2,3.7,13.32,4.5
12560.3,3.6,12.96,4.63
12563.6,3.5,12.6,4.76
12566.6,3.3,11.88,5.05
12571.6,2.9,10.44,5.75
12578.0,2.9,10.44,5.75
12581.7,3.0,10.8,5.56
12584.7,3.0,10.8,5.56
12589.6,3.0,10.8,5.56
12592.8,3.0,10.8,5.56
12598.0,2.7,9.72,6.17
12602.4,2.6,9.36,6.41
12606.3,2.3,8.28,7.25
12611.5,2.3,8.28,7.25
12617.5,2.5,9.0,6.67
12620.8,2.9,10.44,5.75
12624.9,3.1,11.16,5.38
12628.0,3.3,11.88,5.05
12631.1,3.3,11.88,5.05
12636.1,3.1,11.16,5.38
12641.7,2.7,9.72,6.17
12648.2,3.4,12.24,4.9
12654.3,3.9,14.04,4.27
12660.3,4.8,17.28,3.47
12665.7,4.9,17.64,3.4
12669.3,5.5,19.8,3.03
12672.6,4.9,17.64,3.4
12675.8,4.3,15.48,3.88
12679.3,3.8,13.68,4.39
12682.8,3.4,12.24,4.9
12686.7,3.5,12.6,4.76
12689.8,3.4,12.24,4.9
12694.8,3.8,13.68,4.39
12699.5,4.0,14.4,4.17
12704.2,4.3,15.48,3.88
12708.7,4.4,15.84,3.79
12713.4,4.7,16.92,3.55
12716.8,4.4,15.84,3.79
12721.5,3.5,12.6,4.76
12725.6,2.4,8.64,6.94
12728.9,2.4,8.64,6.94
12732.3,2.6,9.36,6.41
12738.0,2.8,10.08,5.95
12743.6,2.9,10.44,5.75
12747.9,3.1,11.16,5.38
12751.8,3.3,11.88,5.05
12755.5,3.5,12.6,4.76
12759.1,3.5,12.6,4.76
12762.2,3.7,13.32,4.5
12765.8,3.6,12.96,4.63
12769.2,3.5,12.6,4.76
12775.1,3.2,11.52,5.21
12779.8,2.8,10.08,5.95
12784.0,2.5,9.0,6.67
12788.3,2.6,9.36,6.41
12792.8,2.9,10.44,5.75
12796.2,3.3,11.88,5.05
12800.3,3.4,12.24,4.9
12810.7,5.3,19.08,3.14
12815.2,4.5,16.2,3.7
12819.4,3.8,13.68,4.39
12824.7,2.3,8.28,7.25
12828.5,2.7,9.72,6.17
12832.9,2.9,10.44,5.75
12838.2,3.8,13.68,4.39
12843.4,4.0,14.4,4.17
12847.9,4.6,16.56,3.62
12851.8,4.7,16.92,3.55
12857.2,3.8,13.68,4.39
12862.9,3.0,10.8,5.56
12866.2,2.9,10.44,5.75
12869.5,3.0,10.8,5.56
12873.1,3.2,11.52,5.21
12876.2,3.2,11.52,5.21
12882.0,3.2,11.52,5.21
12885.2,3.1,11.16,5.38
12889.8,2.7,9.72,6.17
12893.0,2.8,10.08,5.95
12898.0,2.6,9.36,6.41
12901.1,2.6,9.36,6.41
12904.4,2.9,10.44,5.75
12910.4,2.9,10.44,5.75
12915.6,2.9,10.44,5.75
12919.0,2.4,8.64,6.94
12922.1,2.0,7.2,8.33
12929.6,2.3,8.28,7.25
12932.8,2.8,10.08,5.95
12937.7,3.1,11.16,5.38
12943.3,4.2,15.12,3.97
12947.4,4.2,15.12,3.97
12951.8,3.8,13.68,4.39
12956.4,3.7,13.32,4.5
12961.8,3.7,13.32,4.5
12966.0,3.7,13.32,4.5
12970.9,3.9,14.04,4.27
12976.5,4.9,17.64,3.4
12980.2,4.8,17.28,3.47
12984.7,3.7,13.32,4.5
12989.4,2.6,9.36,6.41
12994.2,2.3,8.28,7.25
12999.4,2.4,8.64,6.94
13005.2,2.6,9.36,6.41
13010.0,2.6,9.36,6.41
13014.1,2.5,9.0,6.67
13020.4,2.5,9.0,6.67
13023.9,2.8,10.08,5.95
13027.3,2.9,10.44,5.75
13030.4,3.3,11.88,5.05
13034.8,3.4,12.24,4.9
13039.0,3.7,13.32,4.5
13042.0,3.6,12.96,4.63
13047.2,3.4,12.24,4.9
13053.6,2.9,10.44,5.75
13057.1,2.5,9.0,6.67
13060.7,1.4,5.04,11.9
